nom,prenom,email,password,gender,age
Cossington,Lilllie,lcossington0@usda.gov,iSaYglaYx,Female,1969-12-28
Chainey,Leanor,lchainey1@discuz.net,3Uf9qMdC,Female,1986-09-23
Davison,Jesselyn,jdavison2@cbslocal.com,GU2deMRZU6Q,Female,1979-12-19
Shearer,Malchy,mshearer3@prlog.org,pnBtCt,Male,1962-07-17
Withrington,Minor,mwithrington4@berkeley.edu,NZjsqBJTBtv,Male,1964-12-16
Treuge,Angelique,atreuge5@stanford.edu,iOzuQm64e0zW,Female,1977-10-02
Ciciari,Rey,rciciari6@skyrock.com,uJVNUW5uj,Female,1962-08-12
Wallwork,Micky,mwallwork7@tmall.com,MK78pNvmeU,Female,1961-07-30
Spitell,Rutledge,rspitell8@bing.com,iSdAQ0,Male,1979-08-14
Mellish,Donal,dmellish9@sphinn.com,tYs91D2qYb3,Male,1985-09-08
Burmaster,Price,pburmastera@hexun.com,WWMjDEWBJA,Male,1975-06-19
Brader,Farley,fbraderb@hugedomains.com,OB2WKoVcUh,Male,1983-03-02
Tissell,Jolene,jtissellc@who.int,QvXQHoX3DME,Female,1971-09-11
Sicha,Melinda,msichad@reddit.com,lGmGXAUg,Female,1973-04-16
Chyuerton,Susie,schyuertone@howstuffworks.com,uvvzYD4lJFc,Female,1967-08-19
Falconbridge,Teri,tfalconbridgef@nhs.uk,3QkL2bjrR4m,Female,1985-08-10
Burgoin,Farlee,fburgoing@mtv.com,62hLtrGgxMo,Male,1960-04-08
Japp,Skye,sjapph@senate.gov,DwssCvk9hQNf,Male,1962-11-24
Cramond,Hillery,hcramondi@hugedomains.com,lqZ0y9Tw,Male,1978-10-01
Fenge,Madelin,mfengej@w3.org,KsQabP,Female,1961-08-18
von Hagt,Waylen,wvonhagtk@seesaa.net,HBEIyBtMF,Male,1974-09-05
Slipper,Amanda,aslipperl@issuu.com,av6MVCrck4k,Female,1963-12-26
Duplain,Giffy,gduplainm@fastcompany.com,jTc31mOfEfJ,Male,1962-01-12
Stripp,Neils,nstrippn@shinystat.com,hWyf7yivHr0,Male,1968-08-06
Roxburgh,Vlad,vroxburgho@imgur.com,UOZBTLQBG,Male,1984-09-21
Wandrach,Kathryne,kwandrachp@virginia.edu,uyVFFyAf,Female,1970-03-27
Spurritt,Keith,kspurrittq@loc.gov,xf8352T,Male,1988-11-09
Peaddie,Glen,gpeaddier@ustream.tv,G6oJBY1,Female,1975-06-28
Flisher,Enoch,eflishers@omniture.com,Z2CmTS,Male,1967-11-28
Petschel,Benedict,bpetschelt@wsj.com,M6JaYvIx,Male,1989-03-23
Moles,Kerr,kmolesu@linkedin.com,vnUYoUwqi3c,Male,1987-01-12
Baldocci,Maegan,mbaldocciv@techcrunch.com,DDoSXvIaK,Female,1983-03-09
Feasey,Price,pfeaseyw@discovery.com,EhKcO1EgY,Male,1982-09-13
Pampling,Brad,bpamplingx@weebly.com,Yhovz2LIM,Male,1973-04-19
Ritmeier,Rafferty,rritmeiery@mac.com,Wm3AmVRE,Male,1975-09-10
McGaugan,Aluino,amcgauganz@jiathis.com,B2MqO3XWtdI,Male,1967-01-28
Blizard,Fair,fblizard10@devhub.com,NhCdHagUR,Male,1983-10-14
Gabbot,Leonard,lgabbot11@google.nl,WyfF9r6twi,Male,1971-05-22
Tranckle,Appolonia,atranckle12@cornell.edu,iSnGI8sms9,Female,1964-11-28
Ottosen,Papageno,pottosen13@amazon.de,F88hsoeMBxAX,Male,1960-02-19
Taree,Clem,ctaree14@yahoo.com,UDBF85TIzA,Female,1982-11-03
Sandiland,Kristopher,ksandiland15@fda.gov,0gg6w7oYV,Male,1973-09-30
Oaker,Cleon,coaker16@desdev.cn,uajGZydrnc,Male,1960-04-23
Daleman,Loraine,ldaleman17@hao123.com,tMDUIU1iy,Female,1976-09-05
Metschke,Garey,gmetschke18@wikimedia.org,it81MGq,Male,1979-10-30
Dixie,Purcell,pdixie19@noaa.gov,jQol7lFKjUe,Male,1965-04-12
Hain,Irv,ihain1a@photobucket.com,qg7rE5k9QjR,Male,1984-08-19
Arrault,Asa,aarrault1b@google.co.jp,TD3QvNST5,Male,1974-01-29
Perch,Harp,hperch1c@who.int,vP3sisFh,Male,1982-06-21
Schult,Bobbi,bschult1d@mediafire.com,ijqVR1cRmlrc,Female,1962-05-07
Swayne,Olivero,oswayne1e@aboutads.info,I8lLhS,Male,1985-03-10
Mcimmie,Ryann,rmcimmie1f@state.tx.us,ILRMdN1EFB,Female,1974-06-05
Etuck,Gigi,getuck1g@google.co.uk,dBARiigAJguv,Female,1976-06-06
Defty,Gran,gdefty1h@cafepress.com,pRINeAoz,Male,1967-11-20
Connichie,Meaghan,mconnichie1i@marriott.com,ONVWKHWY,Female,1988-02-02
Durkin,Gabriell,gdurkin1j@rediff.com,xVXuRdVk,Female,1977-01-02
Bamling,Sargent,sbamling1k@g.co,MGiYd9fp5oVW,Male,1969-12-09
Bhatia,Arthur,abhatia1l@mtv.com,VGIwlVRv0h,Male,1989-04-08
Demke,Emalia,edemke1m@blogs.com,ooOTiqoBqX,Female,1966-11-23
Maddern,Michaelina,mmaddern1n@sohu.com,dnLJkMfn3mrJ,Female,1988-12-14
Tythacott,Cheston,ctythacott1o@marketwatch.com,p5bHJ6qj,Male,1985-03-18
Broadberry,Andrey,abroadberry1p@umn.edu,ISre6DQfNNjt,Male,1960-06-09
Ganning,Loralee,lganning1q@163.com,DPys0oJSRARO,Female,1990-02-21
Bastistini,Colas,cbastistini1r@nytimes.com,cdiboWJ7MQ,Male,1974-03-25
Castagnasso,Elihu,ecastagnasso1s@wikia.com,wq3uDH,Male,1963-06-05
Calkin,Sharlene,scalkin1t@amazonaws.com,5nBOP0VDo,Female,1980-08-04
McDugal,Fonsie,fmcdugal1u@marriott.com,jWw0Tkp,Male,1965-05-05
Bracchi,Clerc,cbracchi1v@cpanel.net,cdebACYfFV,Male,1982-10-18
McCreadie,Allyson,amccreadie1w@mashable.com,xTYohNfeg,Female,1990-04-04
Towers,Kendrick,ktowers1x@1688.com,12rBj3YEU,Male,1976-05-19
Wharton,Fredra,fwharton1y@jugem.jp,VuqaIG,Female,1989-10-19
Roggero,Frieda,froggero1z@ow.ly,ZbycNuq3oSB,Female,1987-04-09
Skeldinge,Frederica,fskeldinge20@youku.com,7swths7F7i9S,Female,1974-04-19
Skeene,Amii,askeene21@furl.net,GYSVPy1maq8,Female,1975-05-01
Arnke,Dorothee,darnke22@usda.gov,Erad3io0sbQ,Female,1969-08-13
Adshad,Cherry,cadshad23@ow.ly,vPdHdHG3,Female,1987-04-07
McCrorie,Elisabeth,emccrorie24@facebook.com,zMLVWWw6Gh,Female,1968-09-02
Gaul,Milo,mgaul25@vk.com,DNKkcSXjEr,Male,1984-06-21
O'Carroll,Korie,kocarroll26@gizmodo.com,3zEog5tA,Female,1972-01-29
Rain,Corinna,crain27@sun.com,LsGhkJRdoSq,Female,1977-03-29
Hutton,Renelle,rhutton28@diigo.com,2knBpRmmicB,Female,1962-06-24
Calderonello,Huberto,hcalderonello29@amazonaws.com,NUXupOy,Male,1967-11-18
Lambot,Alejoa,alambot2a@blogs.com,i2cLpn8uBSp2,Male,1962-05-29
Gealy,Sebastien,sgealy2b@who.int,LQxy48W,Male,1970-12-30
Frayn,Coop,cfrayn2c@dailymotion.com,X9T5ttx,Male,1960-09-28
Coan,Bebe,bcoan2d@bloomberg.com,Xz8J3b5na,Female,1987-09-27
McMillan,Hale,hmcmillan2e@fda.gov,YjoGeizZv,Male,1962-11-14
Elacoate,Stavro,selacoate2f@bigcartel.com,egcch2Tm,Male,1988-12-24
Guidelli,Valaria,vguidelli2g@latimes.com,wlFcd2nMrMf8,Female,1962-09-24
Mitford,Cleon,cmitford2h@walmart.com,B8eEdwgw,Male,1967-12-13
Gable,Olivia,ogable2i@constantcontact.com,ZFYMjThzp,Female,1965-05-28
Madgewick,Fair,fmadgewick2j@youku.com,oJ0hRX7iI4,Male,1976-09-28
Slater,Normie,nslater2k@tinyurl.com,jqntppB0dn,Male,1977-06-29
Hullins,Katti,khullins2l@fema.gov,y352Y7Ml3,Female,1965-12-28
Robelet,Gilemette,grobelet2m@shutterfly.com,rywaVJ,Female,1963-04-19
Humbee,Baily,bhumbee2n@baidu.com,BR5Mxb,Male,1960-08-06
Jeste,Vikki,vjeste2o@shutterfly.com,Ju6ihzewlF,Female,1985-07-24
Youngs,Dewain,dyoungs2p@bloglines.com,1u5rAwef2my,Male,1961-04-26
Rivel,Sutton,srivel2q@gnu.org,cqC0lgcl2IP,Male,1961-07-20
Giacomucci,Bird,bgiacomucci2r@mysql.com,Ssk3sZKr,Female,1963-07-24
Llewellyn,Kaja,kllewellyn2s@bloomberg.com,a8df6AMB,Female,1970-09-30
Burne,Whitney,wburne2t@boston.com,xRtdp0,Female,1983-04-27
Jorez,Sharia,sjorez2u@fc2.com,4ZoLjbARSJWP,Female,1966-03-01
Verrier,Marketa,mverrier2v@jimdo.com,Vqmt0d,Female,1969-03-15
Dight,Flory,fdight2w@360.cn,CZXAEez,Female,1969-03-31
Rowson,Lind,lrowson2x@wordpress.org,QUUay0uyZzHr,Female,1987-09-14
Dyte,Malina,mdyte2y@howstuffworks.com,lywuOOTPW,Female,1974-06-05
Parmeter,Keene,kparmeter2z@ovh.net,jIx0ZCYTgNAK,Male,1990-01-02
Binion,Wyatan,wbinion30@usgs.gov,vJAYYjZz,Male,1987-01-22
Aronovitz,Lanae,laronovitz31@goo.gl,5gj7Is,Female,1983-02-03
Jesse,Bryna,bjesse32@hibu.com,HvLAc4nef,Female,1989-10-06
Gouldstone,Hamlin,hgouldstone33@ox.ac.uk,lPz0unN,Male,1979-05-11
Lorden,Gwenny,glorden34@nymag.com,V2oE8hd58,Female,1962-09-29
Leebeter,Elroy,eleebeter35@dell.com,juQnqycXN,Male,1985-09-08
Quilligan,Linnea,lquilligan36@bizjournals.com,qz8Fy9E4yM8R,Female,1973-10-29
Dunkerk,Lexine,ldunkerk37@ow.ly,PPqfEe,Female,1985-07-02
Pursey,Abbie,apursey38@blogger.com,4IGFMdW6,Female,1975-09-17
Warbeys,Eloise,ewarbeys39@yahoo.co.jp,bCru5KgYp3,Female,1986-06-02
Crocombe,Bearnard,bcrocombe3a@ycombinator.com,5k2sYAnp,Male,1985-04-25
Alfonso,Jo ann,jalfonso3b@so-net.ne.jp,AInodQwB,Female,1984-06-07
Kilminster,Howard,hkilminster3c@cisco.com,hnbKGXrzVm5,Male,1986-06-17
Ackred,West,wackred3d@ft.com,bzb769,Male,1964-01-15
Ghiraldi,Leif,lghiraldi3e@shinystat.com,8ERoJ3IN,Male,1975-01-06
Skyrm,Valencia,vskyrm3f@facebook.com,O0MidA,Female,1982-08-02
Plaster,Lilith,lplaster3g@dagondesign.com,4cTLOk9,Female,1961-11-05
Partrick,Boy,bpartrick3h@csmonitor.com,Xbt3bkz6KVe,Male,1986-01-07
Gress,Judah,jgress3i@live.com,fnetxdoxJ,Male,1979-04-17
Fedynski,Melania,mfedynski3j@alibaba.com,Br5P1T,Female,1970-10-19
Manicomb,Gwyn,gmanicomb3k@tiny.cc,czdIpM0j,Female,1967-02-05
Wolfinger,Stephanie,swolfinger3l@linkedin.com,l71FhTn7aJ,Female,1990-03-03
Rubberts,Doretta,drubberts3m@cpanel.net,95dgZA,Female,1971-09-19
Pusill,Cindee,cpusill3n@ning.com,pZe5WcygHN,Female,1971-07-31
Gregolotti,Murvyn,mgregolotti3o@acquirethisname.com,JYKVUXdY,Male,1979-01-13
Legging,Jocelyn,jlegging3p@independent.co.uk,Yesfsk,Female,1967-05-10
Mallia,Packston,pmallia3q@pcworld.com,7oScwWN,Male,1987-12-31
Letterese,Dukie,dletterese3r@google.co.uk,EqBwp2,Male,1974-02-11
Lamminam,Francisco,flamminam3s@house.gov,1W1rzUNbYE,Male,1970-08-09
Elph,Genovera,gelph3t@ebay.co.uk,Dkzm1x,Female,1986-11-11
Tort,Gillian,gtort3u@fastcompany.com,pXoHYC,Female,1966-04-04
Taffarello,Catina,ctaffarello3v@mayoclinic.com,miMBWSK,Female,1982-11-14
Aleksashin,Laurie,laleksashin3w@exblog.jp,MMIgQCQbJd5e,Male,1987-11-03
Danbury,Nanette,ndanbury3x@ft.com,IDi68n8xZJ,Female,1972-08-06
Tanslie,Emerson,etanslie3y@miitbeian.gov.cn,TN4xvNr5p,Male,1972-02-14
Slewcock,Garth,gslewcock3z@cyberchimps.com,KfqnbbqN,Male,1984-05-30
Haburne,Dar,dhaburne40@sciencedaily.com,lycaiKf,Male,1962-05-30
Spurden,Rosette,rspurden41@nydailynews.com,x7j1WE5BvPl,Female,1967-03-25
Fort,Jaine,jfort42@creativecommons.org,N0tFHGUT1,Female,1969-10-25
Tommasuzzi,Tailor,ttommasuzzi43@businesswire.com,n6DbGD0Ub15d,Male,1980-12-04
Hugett,Matthew,mhugett44@wikimedia.org,9KS8R05zmIGJ,Male,1960-01-12
Hellings,Alric,ahellings45@dell.com,kysfuZg,Male,1986-03-24
Summerton,Gussy,gsummerton46@ebay.com,Q9fdCL,Female,1960-03-03
Frensch,Katleen,kfrensch47@jiathis.com,sIff4Br,Female,1974-05-25
Bickerton,Daune,dbickerton48@gnu.org,3Mj07Oh,Female,1988-04-01
Filer,Agna,afiler49@wunderground.com,ASGJn3,Female,1968-10-09
Pringuer,Suzie,springuer4a@china.com.cn,HppgktsEwUYS,Female,1973-12-22
Bayldon,Doralin,dbayldon4b@bing.com,eBXnSxgVf,Female,1977-12-25
Beeck,Nicki,nbeeck4c@mail.ru,8K0jEi6EX,Female,1960-04-07
Scriviner,Edgar,escriviner4d@weather.com,yrFttt,Male,1960-10-07
Lambourne,Briney,blambourne4e@google.nl,HNgUGLdwd,Female,1986-05-27
Goldson,Roselia,rgoldson4f@symantec.com,zBSlJXxz,Female,1983-10-20
Holdforth,Tabitha,tholdforth4g@washington.edu,zV4SLQXr86,Female,1960-11-13
Trundler,Em,etrundler4h@mail.ru,a2kYb1nq,Male,1960-09-14
Colam,Selestina,scolam4i@wikipedia.org,rN1jXjvFNfP,Female,1966-03-19
Mordin,Penelopa,pmordin4j@gmpg.org,5g0oLYti,Female,1965-06-01
Geeson,Purcell,pgeeson4k@alexa.com,QMusb6PwQVUv,Male,1989-11-28
Trowell,Ferdy,ftrowell4l@csmonitor.com,ajqI8YUqBVUs,Male,1974-09-30
Eborn,Tiphany,teborn4m@over-blog.com,WzvTNc,Female,1962-02-16
O'Hagerty,Ingeberg,iohagerty4n@indiatimes.com,qVljtZgJe,Female,1978-05-23
Hiom,Fannie,fhiom4o@ovh.net,rhkfREsL,Female,1982-07-17
Tizard,Teressa,ttizard4p@delicious.com,pAWMZgNGdC,Female,1963-06-27
Cayet,Alta,acayet4q@europa.eu,NdJGzU8,Female,1968-12-22
Benard,Marti,mbenard4r@ca.gov,zyYNqX,Female,1964-01-06
Klulicek,Brita,bklulicek4s@ocn.ne.jp,FWPwJm,Female,1977-08-08
Jardein,Barrett,bjardein4t@macromedia.com,1CgJ5iGd00Vh,Male,1988-12-20
Wethered,Holmes,hwethered4u@miitbeian.gov.cn,aO1bS6,Male,1968-06-11
Barks,Lauri,lbarks4v@hexun.com,YfDuT9chvV,Female,1978-06-06
Stritton,Bret,bstritton4w@go.com,70yVDtUWaE,Male,1962-06-18
Honeywood,Rees,rhoneywood4x@usatoday.com,0mxnDnrcKEZ,Male,1961-10-17
Shirrell,Dennis,dshirrell4y@hhs.gov,HBkeHIAXzuQ,Male,1977-11-27
Lamport,Anna-diana,alamport4z@google.pl,tAzffz3,Female,1987-03-18
Selbach,Rikki,rselbach50@gnu.org,HWDbege06,Male,1970-04-10
Stagg,Sallyann,sstagg51@domainmarket.com,cLG3O1Q9,Female,1987-11-29
Bastide,Wesley,wbastide52@independent.co.uk,caTjxnk4QHW,Male,1989-04-03
Birkbeck,Gustav,gbirkbeck53@army.mil,VZkfVR2KpdJ,Male,1975-01-12
Arrell,Nina,narrell54@friendfeed.com,pTHaVuRqO,Female,1971-05-25
Threadgall,Yolande,ythreadgall55@microsoft.com,LVCLJMR,Female,1964-06-20
Hindrick,Lilia,lhindrick56@boston.com,MiXctm6d2cci,Female,1964-09-09
Mixon,Kaile,kmixon57@alibaba.com,by2WiD7hAf3,Female,1988-08-30
Heggs,Kalina,kheggs58@instagram.com,sMU7ZRXAbUDH,Female,1973-09-06
Donne,Teddi,tdonne59@squidoo.com,aBDgjYQBM,Female,1984-07-29
Capstack,Freddie,fcapstack5a@slashdot.org,WYJ6Qwe,Male,1981-12-23
Aldcorne,Nannie,naldcorne5b@diigo.com,hCTWVEeqdwr6,Female,1980-10-24
Applewhaite,Halley,happlewhaite5c@eventbrite.com,JfzXyglCOm,Female,1988-05-18
Flippini,Derby,dflippini5d@meetup.com,7CwwIGtFj,Male,1970-01-11
Withur,Christophorus,cwithur5e@geocities.jp,LIZ2DdefjoH,Male,1980-07-11
Charer,Patrizio,pcharer5f@ocn.ne.jp,SzX0Fg,Male,1983-04-21
Cloughton,Rose,rcloughton5g@ted.com,abF8C0,Female,1965-07-07
Srutton,Nadean,nsrutton5h@army.mil,5Qb7w3F3,Female,1982-04-29
Humbles,Archibaldo,ahumbles5i@ibm.com,RI9w4lE8y,Male,1988-07-19
Caldera,Erl,ecaldera5j@4shared.com,Ulchf4Wvdt,Male,1983-11-12
Muttock,Karim,kmuttock5k@google.fr,iZsysdv8V4,Male,1980-05-06
Richfield,Cherise,crichfield5l@arstechnica.com,nHPATW10JbC,Female,1976-05-09
Portingale,Abbe,aportingale5m@imageshack.us,XFJ6sRp0LBz,Male,1965-08-27
Geraudy,Willis,wgeraudy5n@cnn.com,vsF3XM8,Male,1967-04-12
Divall,Kass,kdivall5o@hud.gov,b1EDzdH,Female,1960-05-07
Boltwood,Pearl,pboltwood5p@google.co.jp,F9tNcGe,Female,1980-07-13
MacKenney,Barbra,bmackenney5q@usatoday.com,w1eNFJti9Fwk,Female,1972-04-29
Plail,Sigismund,splail5r@marketwatch.com,Iuhv1Y84nSPY,Male,1963-02-22
Firth,Kipp,kfirth5s@irs.gov,gFvQh27vYopw,Male,1972-05-22
Di Bartolomeo,Sherill,sdibartolomeo5t@hhs.gov,hWksGhWWX,Female,1979-03-15
Rodman,Berte,brodman5u@last.fm,M53zIkL,Female,1978-05-02
Forkan,Emmy,eforkan5v@clickbank.net,DcFdJNQtRM,Male,1970-04-01
McDonnell,Jud,jmcdonnell5w@chronoengine.com,sXXc0C2KB,Male,1975-07-29
Reynalds,Marena,mreynalds5x@bbc.co.uk,eoad0Obe0D,Female,1966-09-14
Menear,Joyann,jmenear5y@cpanel.net,LzIiw4odW,Female,1977-09-03
Norquoy,Idalina,inorquoy5z@behance.net,MkwcFtuR,Female,1968-05-11
Filyakov,Ilario,ifilyakov60@google.ca,TZIoAOxu3h,Male,1990-01-11
Viant,Artair,aviant61@bing.com,WjEZas,Male,1969-04-13
Jaukovic,Aylmer,ajaukovic62@examiner.com,qjmyxm,Male,1986-03-10
Cana,Hogan,hcana63@forbes.com,F6ZCraQiQLD,Male,1974-12-26
Castells,Kimbra,kcastells64@latimes.com,y9RlOHS2jL,Female,1988-06-08
Nutting,Miran,mnutting65@youtu.be,q0u2xeO5FDd,Female,1971-05-18
Pillans,Jim,jpillans66@engadget.com,aAC7pZk,Male,1960-12-03
Sire,Westleigh,wsire67@bbc.co.uk,UCzUsHz,Male,1979-12-01
Panther,Levy,lpanther68@businessweek.com,brOTEA,Male,1979-01-05
Mantripp,Base,bmantripp69@e-recht24.de,h7sncJH1ghrA,Male,1963-01-28
Dumbrill,Mallorie,mdumbrill6a@google.nl,PbDCss,Female,1981-11-04
Winear,Bud,bwinear6b@google.ru,6ireuj1,Male,1980-09-20
Shemmin,Ringo,rshemmin6c@globo.com,hWt5DGm0,Male,1965-05-12
Minchin,Lila,lminchin6d@ucsd.edu,nOifQI,Female,1969-07-28
Broggetti,Corena,cbroggetti6e@jimdo.com,8JGB9sqV,Female,1961-02-03
Fossitt,Jessie,jfossitt6f@nationalgeographic.com,YpwebKz0,Male,1981-05-15
Creggan,Vinnie,vcreggan6g@china.com.cn,xl4Dgn60iC,Male,1982-01-19
Meriguet,Vincenz,vmeriguet6h@com.com,rGn9QqVNKFz,Male,1967-03-30
Dat,Valery,vdat6i@artisteer.com,m0TFW4,Female,1987-06-21
Studdeard,Issiah,istuddeard6j@a8.net,kSqxzgn,Male,1989-02-04
Acott,Sig,sacott6k@dot.gov,MzcHoPNe,Male,1979-02-21
Minard,Willyt,wminard6l@merriam-webster.com,7JaZpY12jY0F,Female,1987-06-01
Giordano,Catlin,cgiordano6m@altervista.org,7UWW1Qx2fQ,Female,1984-02-05
Allmark,Yank,yallmark6n@wordpress.com,sDP4Ve7,Male,1987-10-27
Bernardini,Ilysa,ibernardini6o@loc.gov,Ax61ORTx,Female,1968-01-10
Hullah,Eolanda,ehullah6p@sphinn.com,A4d79PR,Female,1989-12-30
Sprigging,Ogden,osprigging6q@disqus.com,6wh307WF6Q,Male,1983-11-20
Weatherhogg,Raymund,rweatherhogg6r@ucsd.edu,OAwPqRWbCQ,Male,1980-03-07
Torritti,Mollie,mtorritti6s@spotify.com,6CYBSLO4G,Female,1961-02-23
Rigney,Arly,arigney6t@delicious.com,1mMb9qogdM,Female,1966-07-20
Rome,Porter,prome6u@tmall.com,omOMa6J,Male,1970-06-05
Burney,Moina,mburney6v@toplist.cz,jgesdYW,Female,1985-04-07
Grady,Shana,sgrady6w@youtu.be,1FCGCRrv0GZo,Female,1969-02-09
Pedreschi,Marianne,mpedreschi6x@ovh.net,nLj7xl1Wfo,Female,1982-12-01
Duly,Marthena,mduly6y@networkadvertising.org,W4ackzLBmTwo,Female,1987-05-25
Murt,Kanya,kmurt6z@un.org,voWhQ8Rhq,Female,1983-03-12
Shimoni,Leonardo,lshimoni70@ucoz.com,kZX6PzPmY2L,Male,1985-12-23
Overstone,Carlyle,coverstone71@blogspot.com,mghsT6gtmm33,Male,1974-01-23
Sidaway,Franky,fsidaway72@state.gov,jS0rsCVMRL,Male,1988-11-22
Hassan,Gabbie,ghassan73@wufoo.com,Kb8OVHwZWFRj,Male,1966-01-02
Gleadhell,Henryetta,hgleadhell74@nymag.com,kIf4avbv,Female,1968-12-31
Vial,Consalve,cvial75@paginegialle.it,UFTxxE,Male,1975-05-01
Pentecost,Elberta,epentecost76@reverbnation.com,SqWQRG3l,Female,1989-05-23
Kimbley,Tedi,tkimbley77@rediff.com,i9XM84BckM,Female,1976-12-24
Toon,Rube,rtoon78@arizona.edu,LqdWEB,Male,1961-01-02
Swainson,Allie,aswainson79@epa.gov,3wYw9dkma,Female,1967-06-26
Crampin,Vinni,vcrampin7a@newsvine.com,9eQrmEM1QgE2,Female,1977-07-03
Drever,Bernard,bdrever7b@mysql.com,Y48RpmDYHP,Male,1961-02-15
Ducham,Christoper,cducham7c@opera.com,WaSRzkJjV,Male,1988-12-12
Dressel,Vlad,vdressel7d@washington.edu,UC59fSsih,Male,1980-05-15
Soden,Christy,csoden7e@nature.com,EfEuHjgtLad,Female,1986-03-10
Farge,Deirdre,dfarge7f@loc.gov,lb3smWYqts,Female,1966-06-26
Tregenza,Cami,ctregenza7g@opensource.org,0bVtjmj7y,Female,1970-05-04
Dumbellow,Biddy,bdumbellow7h@google.co.jp,kVobjn,Female,1983-12-28
Feldstein,Dionysus,dfeldstein7i@usgs.gov,KEFoPXDZ,Male,1986-02-18
Ondracek,Dane,dondracek7j@bbb.org,Lk4F5EZT,Male,1967-03-23
Gueste,Raddie,rgueste7k@sitemeter.com,MrJCxq1D7Fw,Male,1961-11-04
Stare,Cindy,cstare7l@newsvine.com,6bOdJv,Female,1971-12-21
West-Frimley,Casie,cwestfrimley7m@surveymonkey.com,sYbWoZBS5Z,Female,1979-07-15
Pesticcio,Archibold,apesticcio7n@tamu.edu,rjT39rI,Male,1984-01-04
Robez,Kristen,krobez7o@goodreads.com,8EiCQshvp,Female,1975-11-23
Macieiczyk,Finn,fmacieiczyk7p@ycombinator.com,5phr9CP,Male,1974-06-26
Erasmus,Electra,eerasmus7q@sitemeter.com,LLOIJHmr,Female,1975-11-11
Charrette,Kaela,kcharrette7r@about.me,pAADzD9Wnw,Female,1966-04-07
Bawme,Ola,obawme7s@weibo.com,ZSyVYbvZn,Female,1971-08-30
Yu,Krisha,kyu7t@yahoo.co.jp,JqlnmfU,Male,1981-08-31
Godlip,Reeba,rgodlip7u@gnu.org,WkGQGoFS,Female,1984-07-16
Roelofsen,Filbert,froelofsen7v@weibo.com,ipM550aYAzs,Male,1986-02-16
Higgoe,Harlan,hhiggoe7w@timesonline.co.uk,8AjDYD4f,Male,1978-09-27
Pedrazzi,Callean,cpedrazzi7x@ucoz.ru,zOWTs4,Male,1970-05-25
Kubasiewicz,Alfi,akubasiewicz7y@xing.com,au1i1rbkS2,Female,1971-10-30
Terrans,Annamarie,aterrans7z@vinaora.com,fCaI5d,Female,1978-05-12
Struthers,Ursala,ustruthers80@hp.com,3XtYyn58or5,Female,1979-08-12
Duffield,Arabella,aduffield81@issuu.com,gBv3oMLpL5,Female,1960-10-13
Crockatt,Vinita,vcrockatt82@technorati.com,BH9ZxZ6mKIk,Female,1980-09-06
Tetther,Nealon,ntetther83@yolasite.com,eNYYMF3,Male,1978-06-03
Mingame,Drud,dmingame84@apache.org,2CRk3u2byLpy,Male,1976-02-26
Starrs,Archy,astarrs85@cmu.edu,NCF72N1o,Male,1989-11-30
Wykes,Mable,mwykes86@cornell.edu,ekhtlyeYf1l,Female,1970-11-30
Tours,Bathsheba,btours87@youtube.com,z61dSLuB,Female,1988-12-09
Pudsall,Celestia,cpudsall88@wired.com,EdrqLLddL,Female,1984-05-24
Drew,Jehu,jdrew89@dion.ne.jp,GSIxgL,Male,1960-05-03
Dongall,Troy,tdongall8a@huffingtonpost.com,AIiFA3OflePQ,Male,1982-12-02
Badgers,Danny,dbadgers8b@dot.gov,8k53B4Y,Female,1982-06-19
Singleton,Fernando,fsingleton8c@oakley.com,tIwl5l5SX,Male,1984-05-13
Prewett,Gusty,gprewett8d@mac.com,0MVWiY6RHO,Female,1987-01-15
Wroath,Nappie,nwroath8e@youku.com,z9s6SMgg,Male,1964-01-10
Lithgow,Maybelle,mlithgow8f@skyrock.com,o827cBHjqhU,Female,1972-11-04
McCobb,Milton,mmccobb8g@wisc.edu,7CxJnwHhfeWL,Male,1963-02-13
Tye,Art,atye8h@ft.com,jSD3rcT68GfO,Male,1966-12-30
Primarolo,Dwain,dprimarolo8i@imdb.com,AdA2BklGrL,Male,1965-10-08
McCloughen,Darda,dmccloughen8j@vimeo.com,nHpHTD,Female,1977-09-16
Luten,Caroline,cluten8k@live.com,TYcEtxVRFEu,Female,1989-04-14
Tommaseo,Ottilie,otommaseo8l@feedburner.com,9UKxTYWm,Female,1972-01-10
Harnor,Cordula,charnor8m@google.nl,jjCWPZKd2,Female,1979-04-09
Durnill,Bernete,bdurnill8n@tumblr.com,ZYloJCE1,Female,1972-12-05
Giuron,Loria,lgiuron8o@soup.io,NbJRMeN,Female,1967-07-28
McLemon,Sanford,smclemon8p@mozilla.org,JbUgBsL,Male,1964-10-17
Arstingall,Lorinda,larstingall8q@twitter.com,Rw3A1WeIq3,Female,1982-12-12
Duckinfield,Barnaby,bduckinfield8r@blogspot.com,2ZnvtOVrbs0,Male,1982-07-09
Sagrott,Dayna,dsagrott8s@facebook.com,LMwGkbKFKxi,Female,1962-09-06
Waldera,Danice,dwaldera8t@dion.ne.jp,0ZnEmot,Female,1986-04-14
Richichi,Blake,brichichi8u@wiley.com,7OkjSY,Male,1980-11-03
Logue,Doro,dlogue8v@vk.com,RUUrOj1ysy,Female,1976-10-12
Catenot,Holmes,hcatenot8w@cloudflare.com,ABVHTEz3M,Male,1980-05-24
Ure,Marsiella,mure8x@google.de,1jfClRsTH6B,Female,1967-05-10
Tofano,Fernando,ftofano8y@msn.com,nUHd0SP7mPLz,Male,1960-04-21
McAlarney,Lion,lmcalarney8z@umich.edu,eOIBLg,Male,1960-11-09
Crielly,Tobias,tcrielly90@pagesperso-orange.fr,GnEciCcYOq5e,Male,1975-11-05
Lincey,Dav,dlincey91@blogtalkradio.com,O8osQFvvv,Male,1984-03-14
Mullin,Francis,fmullin92@newyorker.com,rNRzGA,Male,1983-02-16
Stubbins,Davidson,dstubbins93@bbb.org,M5A6xAR,Male,1972-05-12
Kleint,Avigdor,akleint94@clickbank.net,SjsTeEW,Male,1990-03-29
Beall,Rodina,rbeall95@infoseek.co.jp,U7dUOQ,Female,1970-06-20
Rochford,Padraic,prochford96@state.tx.us,hkgmzuz,Male,1978-12-19
Dingsdale,Hoebart,hdingsdale97@yellowbook.com,yTb4Jfxpz,Male,1980-06-12
Aird,Kimberlyn,kaird98@mlb.com,1EHLYZMAc,Female,1960-10-17
Mayall,Eda,emayall99@sbwire.com,OmMcPbLv,Female,1988-04-12
Swindells,Magda,mswindells9a@slate.com,GX5gh6fNFT,Female,1982-09-15
Czajka,Abbe,aczajka9b@qq.com,22Oekk,Female,1979-09-21
Tonepohl,Wright,wtonepohl9c@delicious.com,kPJFGqea7v,Male,1978-11-15
Tosdevin,Marcile,mtosdevin9d@trellian.com,sn2zCtb5KTA,Female,1979-03-25
Elgram,Maria,melgram9e@blogtalkradio.com,FQ7MBN63V3,Female,1966-03-11
Piccard,Rorie,rpiccard9f@yellowbook.com,dM17Y4auI,Female,1967-10-23
Dulson,Halimeda,hdulson9g@mozilla.com,2xhtNqdl8S,Female,1970-09-16
Diament,Waldon,wdiament9h@auda.org.au,BCdhJmoVB,Male,1967-05-30
Lavens,Karlene,klavens9i@networkadvertising.org,RBWB9qvlrJ,Female,1983-12-14
Gemmell,Jerad,jgemmell9j@youtu.be,eYRh3Eq1SOg,Male,1990-02-11
Manjot,Corissa,cmanjot9k@addthis.com,CQaXkn,Female,1969-09-30
Drewet,Alexis,adrewet9l@dropbox.com,fibWv3E8xOZK,Female,1990-02-13
Kopisch,Dahlia,dkopisch9m@cmu.edu,J4GhSe,Female,1986-04-25
Twidell,Emmie,etwidell9n@geocities.jp,tzSUDJZeUjkk,Female,1980-04-21
Codlin,Claudio,ccodlin9o@edublogs.org,ucUIrSQ,Male,1963-12-02
Getcliffe,Yoshi,ygetcliffe9p@senate.gov,Wo0M6s,Female,1978-11-10
Johnigan,Eden,ejohnigan9q@thetimes.co.uk,dQTzqmaskE,Female,1981-02-05
Jaukovic,Teodor,tjaukovic9r@addthis.com,eSNIg8u,Male,1978-11-13
Baal,Ilyssa,ibaal9s@seesaa.net,bKy1yK4Hi9el,Female,1986-05-13
Polin,Pincus,ppolin9t@imdb.com,fyw5weZdGsf,Male,1989-11-30
Golbourn,Rochester,rgolbourn9u@toplist.cz,8JWjY3zoNflH,Male,1976-01-16
Janku,Any,ajanku9v@t.co,0RNf28ga,Male,1962-02-07
Braim,Tammi,tbraim9w@themeforest.net,8ZjoX58,Female,1979-11-22
Broadfield,Casey,cbroadfield9x@booking.com,jQURK9MY,Male,1980-11-20
de Chastelain,Cad,cdechastelain9y@vimeo.com,jTnKzOpf,Male,1967-10-21
Sarle,Cobby,csarle9z@amazon.de,5RuaSExzc16e,Male,1963-03-18
Whetson,Marinna,mwhetsona0@indiegogo.com,ytSWSPaWtA3,Female,1968-03-04
Swaine,Vicki,vswainea1@sciencedaily.com,m9NROAxn,Female,1973-09-28
Mallinder,Kim,kmallindera2@chronoengine.com,Xrowvdjs1b7,Female,1961-06-05
Gonnet,Hervey,hgonneta3@yale.edu,m1AueUj,Male,1961-08-26
Ackermann,Tabatha,tackermanna4@mit.edu,Ty9bHrc,Female,1982-02-09
Yalden,Kinna,kyaldena5@vkontakte.ru,me2tph,Female,1964-10-07
Bernaciak,Desiri,dbernaciaka6@baidu.com,njcTDzq4E,Female,1985-08-11
Crookston,Isidore,icrookstona7@google.es,ANe193bozqx7,Male,1986-01-19
Rentelll,Birgitta,brentellla8@github.com,mGRZOo,Female,1984-07-09
Ormshaw,Godwin,gormshawa9@howstuffworks.com,6eceAhHL28,Male,1965-04-18
Ivison,Gladi,givisonaa@booking.com,GobPsmUZ,Female,1985-06-18
Comizzoli,Cicely,ccomizzoliab@economist.com,qaNKINbXdzca,Female,1965-03-09
Piddletown,Costanza,cpiddletownac@ameblo.jp,z19dz1bZI,Female,1967-07-28
Wulfinger,Cher,cwulfingerad@wikispaces.com,KGDGY8w,Female,1966-11-10
Flude,Cori,cfludeae@google.com.au,7o3aIb,Female,1972-02-01
Bottrill,Merridie,mbottrillaf@virginia.edu,i4Lpc9,Female,1961-02-25
Rumney,Vidovic,vrumneyag@hexun.com,kdfgsgjnPOq,Male,1976-09-27
Cadigan,Jemmie,jcadiganah@marketwatch.com,a01tct,Female,1982-06-14
Gorman,Jennie,jgormanai@myspace.com,cR0WnS,Female,1964-10-20
Surgenor,Kearney,ksurgenoraj@nytimes.com,sThwAvJr32rK,Male,1963-05-17
Rosentholer,Cory,crosentholerak@soundcloud.com,iVf2eG,Male,1974-03-21
Powe,Sheena,spoweal@yellowbook.com,OqzeIwYrqV,Female,1973-02-28
Screwton,Prentice,pscrewtonam@ycombinator.com,5K5SPwV,Male,1982-12-03
Farrell,Cindie,cfarrellan@i2i.jp,Xm8DYbI0GnMQ,Female,1963-08-15
O' Timony,Tania,totimonyao@jiathis.com,LBHBGSVJ,Female,1987-07-23
McCrackem,Clemmy,cmccrackemap@phoca.cz,iqSjSBzvLi,Male,1964-03-23
Poulsum,Rabbi,rpoulsumaq@blogs.com,Q5iGyLi48yt,Male,1968-03-05
Boom,Les,lboomar@google.fr,WzhWkx95A,Male,1983-05-03
MacCahey,Maximilianus,mmaccaheyas@imgur.com,9RE40UqJFSNr,Male,1968-08-14
Wadforth,Marijo,mwadforthat@mail.ru,g6LEvhu,Female,1977-02-10
Haggleton,Kalila,khaggletonau@imageshack.us,kXgzyxb,Female,1988-11-08
Poag,Wallache,wpoagav@github.io,wA9ydD,Male,1974-11-16
Joannidi,Dag,djoannidiaw@51.la,4JeaE9Pi1N,Male,1966-09-10
Keble,Myrwyn,mkebleax@51.la,wbKbHEAq,Male,1975-09-07
Swayte,Velma,vswayteay@foxnews.com,Jgaq2Jn,Female,1978-09-05
Bilbery,Jorie,jbilberyaz@squarespace.com,q8xpQdr7,Female,1983-03-24
Passby,Logan,lpassbyb0@auda.org.au,QeqFo9oSq8,Male,1976-05-11
Payle,Ag,apayleb1@hexun.com,DuWAVD,Female,1988-03-30
Pikett,Alikee,apikettb2@clickbank.net,sEnezEmWeR7,Female,1967-04-15
Goucher,Lenka,lgoucherb3@homestead.com,28jVWVY,Female,1983-11-17
Dering,Tedman,tderingb4@cnet.com,YDxvAGY,Male,1961-03-27
Colbran,Lyndell,lcolbranb5@wsj.com,KCm3OgjFs,Female,1987-05-25
Klejin,Rivi,rklejinb6@fda.gov,ckD33klSdPEZ,Female,1973-04-16
Parmer,Cordie,cparmerb7@hexun.com,NEaP1LvK,Male,1963-03-05
Bruun,Donny,dbruunb8@ted.com,vGiUvRteH,Male,1976-09-11
Mewrcik,Barde,bmewrcikb9@google.co.uk,ftYUpU9hepsh,Male,1986-07-28
Dodswell,Heidi,hdodswellba@slashdot.org,oukQTGUEu,Female,1990-03-06
Daldan,Meade,mdaldanbb@merriam-webster.com,GuEKQ3JG,Female,1989-10-27
Hebden,Pippy,phebdenbc@webs.com,WLIWIVs8ncHg,Female,1965-11-21
Wooler,Dierdre,dwoolerbd@parallels.com,VT5Lt2D,Female,1975-12-22
Weitzel,Alejoa,aweitzelbe@linkedin.com,rMbKRaK,Male,1988-03-05
Lemm,Whitman,wlemmbf@fotki.com,mGlN3DHfA,Male,1960-06-05
Mapother,Marleen,mmapotherbg@pcworld.com,1wSgfUyr,Female,1971-03-25
Iannetti,Linus,liannettibh@purevolume.com,zmUZC6dF9Yu,Male,1979-09-09
Serris,Sherwynd,sserrisbi@ning.com,3SA6Ss,Male,1974-07-29
Micheli,Dulce,dmichelibj@wunderground.com,Omi8ZSGuS6xf,Female,1974-11-05
Lenglet,Karlan,klengletbk@infoseek.co.jp,melo6wY9,Male,1990-04-06
Pierpoint,Farrell,fpierpointbl@yelp.com,ASPsPrXB,Male,1972-10-01
Boler,Theda,tbolerbm@usgs.gov,J5g19c,Female,1979-04-15
Dewan,Kinna,kdewanbn@arizona.edu,BGWdHfKlamH,Female,1987-02-05
Flatman,Ailbert,aflatmanbo@fda.gov,FGkTmMGnMIWq,Male,1962-09-19
Frye,Loralyn,lfryebp@nbcnews.com,sSSUvYvPy,Female,1971-05-23
Sealy,Sadye,ssealybq@friendfeed.com,HwrWDep,Female,1961-11-01
Stirling,Kelli,kstirlingbr@artisteer.com,PSBIECa4n0,Female,1960-07-09
Kyle,Bo,bkylebs@51.la,MlmELsIf1,Male,1961-10-31
Samwaye,Alexi,asamwayebt@163.com,V6nfuXtm,Female,1978-04-12
Sheehy,Elyssa,esheehybu@amazon.co.jp,Xw6my01v,Female,1978-05-02
Sultana,Shayne,ssultanabv@cbslocal.com,gJ3HC2z1,Female,1972-12-18
Gurnee,Bartlett,bgurneebw@nationalgeographic.com,kiVinYt,Male,1989-06-19
Kington,Valentine,vkingtonbx@myspace.com,KbqK05H4,Male,1968-12-04
Inkin,Mikey,minkinby@ebay.com,WQKYic,Male,1964-12-28
Toplin,Ash,atoplinbz@homestead.com,b47Rw08,Male,1979-07-07
Greig,Ceciley,cgreigc0@china.com.cn,sbKYXlk,Female,1985-01-13
Gotliffe,Leilah,lgotliffec1@oracle.com,dbmoq6cK,Female,1972-02-07
Hutchin,Bev,bhutchinc2@tripod.com,cg9d4E,Male,1976-05-16
Aubray,Town,taubrayc3@indiatimes.com,Nx1gHn3RKd,Male,1961-03-22
Sein,Elwyn,eseinc4@google.com.au,FkOiv2vBDh7N,Male,1990-01-17
Cordell,Aland,acordellc5@biglobe.ne.jp,2RHiPPF,Male,1967-04-18
Tregoning,Bartholomeus,btregoningc6@blogspot.com,Xnvt2P3JzfQ,Male,1986-06-09
Kelloch,Alidia,akellochc7@yelp.com,tjwvVCZJ,Female,1977-12-02
Cianelli,Salome,scianellic8@nyu.edu,XfiUKhy8G5I,Female,1988-10-31
Thornber,Damon,dthornberc9@unesco.org,Z69oK1a0,Male,1973-03-03
Penton,Josias,jpentonca@feedburner.com,rROTf6J,Male,1977-06-24
Lawty,Gaultiero,glawtycb@aboutads.info,x2g24WRXT,Male,1966-04-06
Pinnere,Myrlene,mpinnerecc@tumblr.com,pGDmhnyY,Female,1979-07-19
Dawton,Bentlee,bdawtoncd@virginia.edu,EVEnyIt,Male,1963-07-16
Colten,Dori,dcoltence@washington.edu,ztH3nz,Female,1967-08-28
Eyree,Northrop,neyreecf@mozilla.org,zbfjtu5h0kgG,Male,1978-09-04
Donohue,Britteny,bdonohuecg@ovh.net,VwnqXxXX,Female,1961-07-12
McKendry,Bentlee,bmckendrych@taobao.com,UoILjDtw,Male,1970-01-02
Sacher,Delano,dsacherci@msn.com,7X2lSn,Male,1968-04-02
Reddecliffe,Vinnie,vreddecliffecj@last.fm,4Kdql0YOJFYh,Male,1984-12-09
McGeoch,Martin,mmcgeochck@51.la,qBsal9b7,Male,1979-05-28
Bea,Hasheem,hbeacl@photobucket.com,CRGOQcMIH,Male,1986-11-18
Dumper,Mose,mdumpercm@flickr.com,8nkMWCbY,Male,1973-12-21
Esch,Merrel,meschcn@sogou.com,obI7ciC4skT0,Male,1966-12-13
Vanyard,Aime,avanyardco@ebay.co.uk,28ZfcWpRkhn,Female,1984-03-22
Zaczek,Emmy,ezaczekcp@squarespace.com,ECB1Ie3,Female,1977-12-18
Enderle,Dill,denderlecq@ameblo.jp,M9sgPBghX,Male,1969-03-01
Hallifax,Skippy,shallifaxcr@etsy.com,BxEN40uHbqs,Male,1967-07-19
Tookill,Ward,wtookillcs@webs.com,MAOiwYhzDs,Male,1983-04-16
Coryndon,Katrina,kcoryndonct@facebook.com,RcC739HdX,Female,1966-08-15
Blaxton,Janetta,jblaxtoncu@si.edu,Nt4JWFvw2,Female,1976-11-16
Dodridge,Amber,adodridgecv@over-blog.com,KIZN5l2,Female,1981-12-04
Pask,Beulah,bpaskcw@blinklist.com,0y1ILi6UZyju,Female,1986-01-05
Emm,Joye,jemmcx@blogger.com,EgBRqig1sG5,Female,1968-12-13
Whiteoak,Ivie,iwhiteoakcy@bigcartel.com,DpCPSgX0dh,Female,1979-06-06
Brimman,Renee,rbrimmancz@newyorker.com,mVKmEFpTD1mk,Female,1966-11-17
Bindley,Kilian,kbindleyd0@freewebs.com,64FjAvR,Male,1960-02-18
Kalderon,Auberta,akalderond1@harvard.edu,GZTGk04aKin,Female,1966-08-12
Uc,Bruis,bucd2@etsy.com,5E1YXFlOOrhV,Male,1989-01-31
Roocroft,Redd,rroocroftd3@w3.org,DlEzXHqTI,Male,1971-03-07
Fiddiman,Corilla,cfiddimand4@t.co,tZr4mIuyR,Female,1962-06-12
Diemer,Sophi,sdiemerd5@networksolutions.com,teVApCo1YIp,Female,1987-10-25
Cottrell,Cletus,ccottrelld6@microsoft.com,wvEO2Y,Male,1987-12-08
Waiton,Melosa,mwaitond7@etsy.com,xuKiKPg07n,Female,1965-01-30
Coat,Serge,scoatd8@washingtonpost.com,XDmIxzj,Male,1963-12-25
Cluderay,Jori,jcluderayd9@google.fr,wciBXTUoG,Female,1983-04-14
Forte,Davide,dforteda@mayoclinic.com,zinkjfFiv,Male,1963-04-15
Lenormand,Humberto,hlenormanddb@freewebs.com,4PSwhCb,Male,1978-11-23
Kendrick,Mic,mkendrickdc@abc.net.au,CbMHJk,Male,1986-04-04
Driver,Harriett,hdriverdd@fda.gov,CI2dOa,Female,1962-07-02
Goodyear,Zara,zgoodyearde@businessinsider.com,w7vBM3KV,Female,1975-04-01
Dudek,Maria,mdudekdf@cam.ac.uk,iE1BYho9yEc,Female,1981-08-07
Tixier,Dierdre,dtixierdg@intel.com,Dy7goDRwmp,Female,1978-05-28
Garrit,Arlina,agarritdh@mediafire.com,jxsputChfm,Female,1962-10-18
Hunnicot,Jessamine,jhunnicotdi@ucsd.edu,9DzQaqerX,Female,1966-07-24
Cortnay,Orren,ocortnaydj@posterous.com,d2nbDhDSH,Male,1961-11-07
Kopps,Raymond,rkoppsdk@buzzfeed.com,n0Ia2rQ,Male,1964-09-02
Stronach,Janaye,jstronachdl@alibaba.com,ta07kkg,Female,1973-12-12
Hawkes,Fabio,fhawkesdm@newyorker.com,9Neziztr,Male,1981-10-08
Kibbee,Rozalin,rkibbeedn@usgs.gov,xObOdScDq2,Female,1979-01-25
Colquit,Garey,gcolquitdo@independent.co.uk,Bdbwxy,Male,1984-10-01
Ayris,Gordan,gayrisdp@alibaba.com,5M9Druj,Male,1966-07-14
Mill,Reginauld,rmilldq@hatena.ne.jp,wPTz8u2eRGmh,Male,1971-11-24
Meininger,Walton,wmeiningerdr@altervista.org,08y841QC,Male,1979-03-10
Pressland,Lynnell,lpresslandds@zimbio.com,Enywu1tovK,Female,1982-05-28
Lanyon,Care,clanyondt@wiley.com,RWkYIkzXJz,Male,1961-03-06
Bernardos,Harmonie,hbernardosdu@bbb.org,yoXiSam0VS,Female,1963-08-27
Kenefick,Minne,mkenefickdv@discovery.com,nxMmUDQi,Female,1989-08-14
Stanney,Jorey,jstanneydw@stanford.edu,bdaMkb1S7,Female,1968-10-13
Stilgo,Wilone,wstilgodx@mozilla.org,1W9FDGI,Female,1969-12-19
Simao,Cristal,csimaody@redcross.org,t0f8e7d,Female,1961-12-27
Beaton,Tyrus,tbeatondz@tiny.cc,hG0VtCrn0jJ,Male,1971-10-03
Pindar,Matt,mpindare0@soup.io,m1LkUK,Male,1982-11-04
Buche,Jaymee,jbuchee1@cocolog-nifty.com,UjYPkDFq8V7u,Female,1989-11-11
Fetherston,Merola,mfetherstone2@linkedin.com,hI0Sc41V,Female,1963-04-28
McAlinion,Percy,pmcalinione3@de.vu,MaXxIK,Male,1976-03-03
Gittus,Rinaldo,rgittuse4@fema.gov,T1OB33FevtKx,Male,1987-06-02
Cancellario,Chev,ccancellarioe5@privacy.gov.au,MCUbAb,Male,1963-02-27
Stockford,Donnie,dstockforde6@networkadvertising.org,w53Y0b5n,Male,1989-11-08
Bercevelo,Terry,tberceveloe7@nyu.edu,pBmfZgX,Male,1961-02-21
Umfrey,Simmonds,sumfreye8@woothemes.com,RidBRc,Male,1986-08-29
Guilloud,Jenilee,jguilloude9@umn.edu,Aq4V8Y0,Female,1976-11-19
McGinnis,Marcelia,mmcginnisea@eepurl.com,sSk1YVP5jgc,Female,1973-03-14
China,Ken,kchinaeb@oakley.com,7BgDdS,Male,1984-06-09
Breens,Nedda,nbreensec@desdev.cn,Tmx4lmM,Female,1981-10-04
Sictornes,Carole,csictornesed@a8.net,toEtsn2bpm2k,Female,1981-12-26
Elgy,Padraic,pelgyee@wix.com,0VVhAk,Male,1985-12-03
Farmery,Desdemona,dfarmeryef@bluehost.com,2qk55oQxiIiw,Female,1960-05-29
Baddoe,Magnum,mbaddoeeg@aol.com,bZghcOGrzhG,Male,1972-09-30
Lammert,Atlanta,alammerteh@paypal.com,EG9u0s,Female,1972-01-05
Davidek,Mariann,mdavidekei@tmall.com,UHvTjX,Female,1974-08-18
Paton,Carce,cpatonej@surveymonkey.com,VcgCycAJgR,Male,1962-07-07
Dadge,Vale,vdadgeek@technorati.com,285fkEeV9,Female,1967-04-05
Minget,Mike,mmingetel@networkadvertising.org,Nk2bJyNMpc,Male,1979-12-22
Hornung,Allin,ahornungem@irs.gov,bHSz0X1tSV,Male,1977-02-17
Corse,Courtnay,ccorseen@upenn.edu,4yr2dhMB,Male,1968-12-19
Benford,Gabriella,gbenfordeo@topsy.com,9Cj0I7I,Female,1971-03-09
Dawley,Cleve,cdawleyep@mail.ru,WQlsORkr3r6J,Male,1984-12-14
Gyorffy,Bruno,bgyorffyeq@thetimes.co.uk,KduHS3CTl,Male,1964-02-07
Rousel,Darcie,drouseler@goo.ne.jp,0noWhcwW6c,Female,1976-04-03
Syrie,Gordon,gsyriees@sbwire.com,rTQQDgorZM,Male,1969-10-26
Ghidotti,Katlin,kghidottiet@cnbc.com,fDBBEz1v,Female,1965-07-25
Humerstone,Nelia,nhumerstoneeu@ebay.com,dNSjV9,Female,1960-08-17
Thorns,Forrest,fthornsev@dyndns.org,3STzAUyG,Male,1965-03-17
Knapp,Hildy,hknappew@hao123.com,m16tZDhd14,Female,1975-12-24
Haken,Ebeneser,ehakenex@hostgator.com,eaTLTVm3,Male,1965-08-17
Mandy,Mellie,mmandyey@accuweather.com,tpJQonY,Female,1973-08-07
Hacaud,Berta,bhacaudez@mail.ru,NtqPqlF2HG,Female,1969-09-16
Siehard,Nial,nsiehardf0@360.cn,w7meh22T,Male,1964-04-28
Mosedale,Margot,mmosedalef1@icio.us,sLtvrUNqw,Female,1972-08-09
Veare,Sergio,svearef2@com.com,FuWnDI,Male,1962-11-25
Bartels,Jewell,jbartelsf3@vimeo.com,g0XxRCblZ,Female,1970-01-22
Oppy,Perri,poppyf4@google.pl,HM3IFMCK,Female,1988-06-08
Goodey,Amory,agoodeyf5@examiner.com,VPqYvI9PhFs,Male,1968-08-16
Proudlock,Inger,iproudlockf6@dyndns.org,RP1mK7,Female,1965-05-03
Maro,Beret,bmarof7@slate.com,ruJfXgFc,Female,1970-05-28
Schimke,Charis,cschimkef8@homestead.com,wL6I1pu,Female,1985-08-30
Waadenburg,Alfredo,awaadenburgf9@arizona.edu,gLVXZUlkoTh,Male,1961-08-07
Wesley,Killie,kwesleyfa@guardian.co.uk,X8YpykTVjm,Male,1972-02-26
Winear,Lida,lwinearfb@elpais.com,8AsG8WdLVaW,Female,1966-06-27
Jell,Olia,ojellfc@dmoz.org,0kvoCg,Female,1980-12-30
Joice,Dianne,djoicefd@omniture.com,NHtB3x,Female,1963-02-25
Siggins,Salvidor,ssigginsfe@taobao.com,UeieLFILhrt,Male,1962-07-27
Dampier,Elizabeth,edampierff@soundcloud.com,n9szxy9pn7tw,Female,1977-05-05
Tofts,Waylon,wtoftsfg@psu.edu,ja1ih2QX,Male,1961-09-08
Dullingham,Derward,ddullinghamfh@posterous.com,1zWXW44H8s,Male,1969-09-23
Jeanet,Colleen,cjeanetfi@sogou.com,FxwycJVxTUw,Female,1967-10-24
Safe,Brandy,bsafefj@deviantart.com,KCmPB3yhE,Male,1971-01-06
Mocquer,Tomasine,tmocquerfk@tripod.com,YCqJXaajeOmk,Female,1970-03-27
Maffia,Cly,cmaffiafl@ask.com,PRhZoa0,Male,1961-05-31
Randerson,Padget,prandersonfm@live.com,ie657AAnU,Male,1978-09-17
Lincke,Aridatha,alinckefn@utexas.edu,RwGK7k,Female,1968-05-02
Greed,Doralyn,dgreedfo@sciencedirect.com,s6t0piKQ8pg,Female,1966-07-28
Madelin,Omar,omadelinfp@clickbank.net,KfBTAmSHQ,Male,1983-02-03
Pitbladdo,Morissa,mpitbladdofq@ocn.ne.jp,1Fd74mp,Female,1982-09-15
Coldham,Cassie,ccoldhamfr@hatena.ne.jp,75KO6HdOM1I2,Male,1963-07-09
Lidyard,Bethanne,blidyardfs@com.com,tl4rMlsBxDo,Female,1961-08-08
Folini,Ethelbert,efolinift@java.com,9cqElUe,Male,1984-05-29
Unwin,Lorinda,lunwinfu@telegraph.co.uk,uAjoxpxs6xQ,Female,1965-03-19
Kenworthey,Masha,mkenwortheyfv@ezinearticles.com,KwGEMo6tr9sq,Female,1988-08-16
Ocklin,Patsy,pocklinfw@about.me,isNpgloyI,Male,1960-07-06
Varty,Esdras,evartyfx@netvibes.com,v3Qseczz,Male,1965-06-10
Westall,Valentina,vwestallfy@mac.com,CCJj4zd0,Female,1961-01-02
Bernolet,Axel,abernoletfz@theatlantic.com,7bMc5I,Male,1970-06-23
Crush,Walliw,wcrushg0@pagesperso-orange.fr,iXKh8exjRf,Female,1970-04-21
Allbon,Vidovic,vallbong1@arizona.edu,qWTqKB,Male,1988-03-09
Seeviour,Sharyl,sseeviourg2@google.com,myd2y10Tv,Female,1975-12-24
Geffe,Bartel,bgeffeg3@newsvine.com,kNDrWlhp,Male,1981-06-09
Edinboro,Shay,sedinborog4@utexas.edu,T7dbKzceJl,Female,1980-09-05
Mathiasen,Olia,omathiaseng5@dropbox.com,EcfPRcuDLuS,Female,1966-10-02
Nisen,Tanny,tniseng6@nsw.gov.au,dGifkjVZk,Male,1985-10-26
Endersby,Far,fendersbyg7@zdnet.com,amLdcuizD9O,Male,1973-10-05
De Banke,Finlay,fdebankeg8@lulu.com,3nooLvr,Male,1973-07-26
Burnep,Angeli,aburnepg9@seattletimes.com,ZWmsxG,Male,1961-11-13
Berks,Mikaela,mberksga@paginegialle.it,msEJ1u5d,Female,1965-02-21
Bilovus,Davide,dbilovusgb@utexas.edu,q80WHtEXG0,Male,1980-01-14
Elsbury,Seward,selsburygc@bizjournals.com,n8GsrPR,Male,1969-08-06
Absolem,Stern,sabsolemgd@gizmodo.com,szAJWKF4,Male,1960-05-12
Fairs,Ardella,afairsge@cbslocal.com,cf2o1xm9zm,Female,1964-10-24
Langan,Calida,clangangf@slate.com,3ZHEv7FCKJKM,Female,1969-05-23
Bricket,Melissa,mbricketgg@baidu.com,XIkWOh2,Female,1985-02-03
Gloster,Verge,vglostergh@moonfruit.com,MchjKYV0cj,Male,1965-11-15
Lochet,Gordy,glochetgi@mail.ru,skY2AprR,Male,1960-07-31
Yakhin,Matthaeus,myakhingj@unblog.fr,p5thRnDq,Male,1964-07-19
Hemms,Berk,bhemmsgk@cdc.gov,QIvkSPjc,Male,1972-10-27
Wixon,Randy,rwixongl@time.com,TSoD7usH9kb,Female,1988-12-19
Benasik,Khalil,kbenasikgm@feedburner.com,BsuWFt1A,Male,1987-12-13
Archley,Gates,garchleygn@about.me,s5164Meys,Female,1979-05-18
Fynes,Caterina,cfynesgo@msn.com,4nI15ERQPdFr,Female,1986-04-08
Guiu,Sydney,sguiugp@over-blog.com,nTilp0yPNuX5,Male,1972-12-14
Ridsdale,Ofella,oridsdalegq@epa.gov,LojyzAoD,Female,1983-03-12
Gelardi,Wilhelmina,wgelardigr@youtube.com,49fsdmj2E,Female,1982-04-22
Hayto,Hetty,hhaytogs@cargocollective.com,utAR4X,Female,1990-02-10
Akenhead,Hubey,hakenheadgt@house.gov,3ND6N7,Male,1980-09-10
Alekhov,Bron,balekhovgu@blog.com,7VLdQl0,Male,1962-07-21
Muge,Amberly,amugegv@privacy.gov.au,xEN9IZoRffUX,Female,1961-12-30
Manilove,Henryetta,hmanilovegw@digg.com,JhjW3NGyX,Female,1962-04-16
Fernier,Murvyn,mferniergx@princeton.edu,S0yL18qqkxrB,Male,1982-02-26
Elman,Hannie,helmangy@sitemeter.com,HHiEaIDD,Female,1967-02-19
Crone,Barrie,bcronegz@sciencedaily.com,yO11olzYss,Male,1969-01-14
Erricker,Freda,ferrickerh0@hexun.com,RKbHfFSrF4z,Female,1972-07-07
Peyton,Miguel,mpeytonh1@unicef.org,OzDo2lliplcc,Male,1961-12-07
Heart,Rosanna,rhearth2@businesswire.com,oZccTtUN,Female,1988-10-11
Joice,Emelita,ejoiceh3@ow.ly,G82AlG5vf2Z,Female,1981-07-07
Blackmore,Mannie,mblackmoreh4@google.com.au,NjBOywlp,Male,1981-07-14
Fossey,Jehu,jfosseyh5@businessweek.com,k1fkXR,Male,1973-01-05
Urrey,Stillmann,surreyh6@scientificamerican.com,bNdKDnZNc,Male,1961-06-28
Moreing,Elfrieda,emoreingh7@ustream.tv,vibS5UZBK,Female,1989-12-07
Samarth,Derwin,dsamarthh8@wiley.com,80kRVW5sW,Male,1962-08-16
Breward,Di,dbrewardh9@vkontakte.ru,5ynkzT,Female,1980-06-21
Maier,Golda,gmaierha@exblog.jp,uMwBTcKqBd,Female,1977-08-29
Palia,Tracey,tpaliahb@smugmug.com,es2jq2,Male,1971-10-01
Wiggall,Celestyna,cwiggallhc@si.edu,KCzXj2VYOXk,Female,1972-03-14
Gronowe,Kerrill,kgronowehd@de.vu,E4lruU,Female,1983-05-19
Fishley,Blancha,bfishleyhe@nba.com,fLyg8mkl0Ol,Female,1971-12-11
Gaskamp,Koren,kgaskamphf@slideshare.net,26G3uUCe,Female,1969-08-26
Jakov,Blane,bjakovhg@army.mil,XdZ1K7nPW85,Male,1978-02-13
Petric,Gallagher,gpetrichh@squarespace.com,QMYPWG2DyJ,Male,1987-05-31
Towers,Gizela,gtowershi@bandcamp.com,YbwXfDRn8uN,Female,1961-08-13
Lloyd,Reid,rlloydhj@clickbank.net,JDbwKFb,Male,1977-06-17
Dominico,Chelsey,cdominicohk@clickbank.net,dfwNe95oN06u,Female,1981-03-19
Ruddell,Jobye,jruddellhl@imgur.com,9XMqB43,Female,1966-05-15
Giacobo,Pansie,pgiacobohm@ocn.ne.jp,vYdRWn,Female,1965-07-09
Reding,Elinore,eredinghn@google.ru,YqWuSbvbcSjj,Female,1983-04-23
Fauning,Rurik,rfauningho@psu.edu,bFlDML2,Male,1983-01-14
Geekie,Hedy,hgeekiehp@dedecms.com,5QX5a6KU,Female,1984-07-19
Canacott,Donelle,dcanacotthq@ustream.tv,srNsSvwRwwBM,Female,1987-06-16
Mendes,Beret,bmendeshr@oaic.gov.au,c2ORCDdX7a5Z,Female,1988-12-20
Shakspeare,Elwyn,eshakspearehs@businesswire.com,zKU7EJGmJ0U,Male,1988-08-20
Cupper,Beverly,bcupperht@acquirethisname.com,Y2ihdzxsSnLW,Female,1968-07-17
Litzmann,Basilius,blitzmannhu@wix.com,eUJcmZ3Q8ul,Male,1983-08-14
Easson,Pryce,peassonhv@thetimes.co.uk,RbUgQl8Iy,Male,1962-01-21
Schuck,Riannon,rschuckhw@europa.eu,IzcYwBqiW,Female,1965-11-19
McCarroll,Kristofor,kmccarrollhx@opensource.org,L8Hqlo,Male,1976-10-13
Merrisson,Rachael,rmerrissonhy@hugedomains.com,IAa6UlU,Female,1988-01-14
Hellikes,Rickard,rhellikeshz@epa.gov,UL15grVjpV,Male,1976-07-14
Clampton,Hans,hclamptoni0@prweb.com,bQk9R85jB9Rl,Male,1966-02-10
Korfmann,Kalil,kkorfmanni1@army.mil,5NMJ0UU1qXt7,Male,1962-03-28
Winfrey,Cherise,cwinfreyi2@mit.edu,O81gXG,Female,1963-04-09
Dorow,Elsy,edorowi3@chron.com,vychJCum,Female,1986-10-08
Martijn,Daniel,dmartijni4@indiegogo.com,RnrXCzVlf452,Male,1974-03-05
Burney,Bridget,bburneyi5@constantcontact.com,B2EVXWeF,Female,1987-06-10
Honnicott,Ringo,rhonnicotti6@biglobe.ne.jp,lfOTnwPp,Male,1966-06-11
Baish,Clerc,cbaishi7@livejournal.com,SlbfYR,Male,1970-11-15
Joerning,Cassandre,cjoerningi8@t-online.de,QHtTaijQa,Female,1984-06-09
McCook,Izzy,imccooki9@narod.ru,ayEwmi8uW,Male,1979-10-01
Woosnam,Lavena,lwoosnamia@reddit.com,5gccYkzfFhw,Female,1961-06-25
Conneau,Augustin,aconneauib@clickbank.net,5Qepyg,Male,1979-09-26
McAndrew,Thomasa,tmcandrewic@tinypic.com,82AC6rU5io2,Female,1973-03-04
Clausewitz,Roosevelt,rclausewitzid@netlog.com,uK8GEe,Male,1970-08-26
Absolom,Obadias,oabsolomie@nih.gov,Ehy7oz9HT,Male,1961-04-12
Beazley,Reinald,rbeazleyif@zdnet.com,v0PKg4h6WsFV,Male,1975-09-05
Menaul,Vaughn,vmenaulig@engadget.com,qOO5LGbhCfO,Male,1972-08-09
Handling,Wynne,whandlingih@cam.ac.uk,nlcrI68,Female,1975-08-13
Panting,Orson,opantingii@addtoany.com,OXtzvMF2,Male,1982-03-17
Shrimpton,Timmy,tshrimptonij@vk.com,vLHlukWBCn,Male,1986-04-13
Winsiowiecki,Ancell,awinsiowieckiik@ftc.gov,NWeyRqo6,Male,1969-08-07
Bigland,Wendie,wbiglandil@dailymotion.com,OlnBCOYBr,Female,1964-04-02
Valerius,Granny,gvaleriusim@google.ca,chFBnd3wJ,Male,1984-11-01
Cholomin,Roseline,rcholominin@imageshack.us,ZShhcQ,Female,1975-10-07
Dunbar,Stephannie,sdunbario@apple.com,rSJHE6gW,Female,1970-11-18
Handsheart,Sibilla,shandsheartip@cdbaby.com,7jRAWiJCtz,Female,1977-02-17
Jerrold,Dniren,djerroldiq@example.com,WWpkq2,Female,1978-10-13
Richardson,Gabi,grichardsonir@cafepress.com,qdc2IynI2U,Male,1983-12-22
Courtois,Adena,acourtoisis@mtv.com,KzZmHhGqi,Female,1960-05-05
Littlemore,Saxe,slittlemoreit@china.com.cn,BePgbOVGizeJ,Male,1966-12-09
Probyn,Hailee,hprobyniu@jimdo.com,9L8UR3jN,Female,1980-11-03
Bernasek,Jamesy,jbernasekiv@google.com.hk,pQ3MDkMRkrm,Male,1975-10-05
Elnough,Vanda,velnoughiw@qq.com,NXOW3OF3MQ,Female,1977-06-10
Rehor,Osborne,orehorix@t.co,ATmO75v,Male,1989-12-05
Cudworth,Marris,mcudworthiy@cloudflare.com,IqmofmtU3n,Female,1989-06-10
Coe,Niko,ncoeiz@parallels.com,aOxxhofXfe,Male,1984-07-19
Suero,Evelina,esueroj0@vimeo.com,IOYorvmDEGDN,Female,1967-05-12
Feavers,Tove,tfeaversj1@gnu.org,jYdHxA,Female,1972-09-07
Dayley,Ferne,fdayleyj2@harvard.edu,tQ0P7g6,Female,1963-04-17
Flipek,Milo,mflipekj3@joomla.org,8K7PZnvNXn1,Male,1982-07-23
Leppard,Chrysler,cleppardj4@sfgate.com,mwZIgv9,Female,1968-11-29
Bosket,Lorant,lbosketj5@japanpost.jp,KEbHYeW,Male,1975-02-27
Kinver,Ax,akinverj6@nationalgeographic.com,79MD3GY0b6A,Male,1965-10-18
Wrathall,Lynnea,lwrathallj7@blogs.com,3TwfWx1R,Female,1978-01-08
McMaster,Samaria,smcmasterj8@mail.ru,jvDagMOi1o6n,Female,1975-10-17
Labat,Christoffer,clabatj9@youtu.be,RqSq5IkK1s8J,Male,1976-11-26
Arens,Berkly,barensja@army.mil,DzITTeLV47P,Male,1990-02-05
Syrad,Stacy,ssyradjb@patch.com,kBG132Neln1,Female,1972-11-09
Elcome,Karita,kelcomejc@sourceforge.net,SGbP4L,Female,1964-03-16
Gilpin,Angelle,agilpinjd@barnesandnoble.com,ZcSKNJxH56,Female,1976-12-08
Onions,Jaynell,jonionsje@slate.com,ZK1mrR,Female,1987-09-29
Hampstead,Tiffany,thampsteadjf@taobao.com,2En7GG,Female,1969-07-24
Serotsky,Goran,gserotskyjg@artisteer.com,Xb8kt7,Male,1983-06-27
Lowdyane,Terrell,tlowdyanejh@icq.com,gehPqjJ6tNQ,Male,1981-07-17
de Glanville,Cozmo,cdeglanvilleji@patch.com,NwaCCJq,Male,1971-01-31
Claypoole,Rebekah,rclaypoolejj@china.com.cn,jAQA90W4p,Female,1976-08-12
MacDonnell,Marwin,mmacdonnelljk@liveinternet.ru,A5qrWV39Rh,Male,1988-06-14
Plampin,Ogdon,oplampinjl@unesco.org,WKYBI2Bs,Male,1973-09-27
Ninnoli,Barny,bninnolijm@msn.com,bm2DCc,Male,1967-05-16
Brislen,Kassia,kbrislenjn@cbslocal.com,viPOkvDjtXla,Female,1961-11-19
Looker,Payton,plookerjo@imageshack.us,ymIGsi4,Male,1963-05-07
Brissenden,Katie,kbrissendenjp@si.edu,isYTaB6jeV,Female,1974-08-03
Sands-Allan,Benedetta,bsandsallanjq@buzzfeed.com,QaTPlQ,Female,1960-02-12
Hatwell,Bonny,bhatwelljr@google.nl,JehtzYp,Female,1970-01-23
Tye,Tedda,ttyejs@msn.com,9ki9g9,Female,1974-11-02
Balchen,Maurise,mbalchenjt@google.co.jp,ITpcNbrOj,Male,1983-11-29
Bennell,Dagny,dbennellju@scribd.com,SiyQ4gx0,Male,1982-03-08
Thistleton,Emerson,ethistletonjv@ifeng.com,fHym6f,Male,1960-05-28
Sysland,Willow,wsyslandjw@accuweather.com,IKkD4zu,Female,1986-07-19
Mc Curlye,Giff,gmccurlyejx@irs.gov,IayDcyYq4d,Male,1964-10-09
Mattaus,Haley,hmattausjy@pinterest.com,yuQL7WrbXxz,Female,1960-12-14
Petruszka,Addie,apetruszkajz@slashdot.org,A8bpDF,Female,1972-10-05
Braidon,Luca,lbraidonk0@cafepress.com,N5dPYry,Male,1964-08-03
Boorn,Tades,tboornk1@weebly.com,fSdIieQZCm8I,Male,1961-06-20
Akeherst,Kori,kakeherstk2@telegraph.co.uk,6tcDjaK6,Female,1969-09-23
Issard,Bailie,bissardk3@joomla.org,9izO5nCMC,Male,1974-10-06
Heustice,Dane,dheusticek4@free.fr,pKUkhJAlIrw,Male,1988-05-15
Ferrant,Fedora,fferrantk5@prnewswire.com,vXJzQdaN1,Female,1979-10-08
Seton,May,msetonk6@icq.com,7b82fuNJJX,Female,1987-08-23
Twinborough,Teodora,ttwinboroughk7@businesswire.com,fg9PLqYwy,Female,1988-06-15
Pomery,Albert,apomeryk8@ning.com,ZSmNDjax4Tmw,Male,1964-07-22
Bowmen,Augustine,abowmenk9@apache.org,sWNlylZduH,Female,1963-05-26
Allsobrook,Seline,sallsobrookka@t-online.de,YpVrExJ,Female,1971-05-13
Garber,Millard,mgarberkb@shinystat.com,j1G3Xp,Male,1976-08-22
Primarolo,Siana,sprimarolokc@deviantart.com,7Jg7wXxjGXv,Female,1971-09-03
Lyness,Molly,mlynesskd@yolasite.com,ogTfoYJK4Nd,Female,1963-10-14
Grassett,Morgan,mgrassettke@addtoany.com,fHM0557wzDX,Male,1981-08-17
Pankethman,Davy,dpankethmankf@va.gov,8JxvS9fhSg,Male,1982-11-11
Lindholm,Nicky,nlindholmkg@angelfire.com,v9UGrc9n1xZ5,Female,1983-08-10
MacKaile,Darbee,dmackailekh@miibeian.gov.cn,sNuXDVmgW,Male,1960-04-29
Reynolds,Sylvester,sreynoldski@woothemes.com,lmJ9aoEmR,Male,1973-04-19
Riccelli,Cami,criccellikj@psu.edu,fh8mh9NGZG4,Female,1971-07-26
Laxton,Gale,glaxtonkk@woothemes.com,3Sl2WXzO,Male,1987-01-03
Jerzyk,Karrah,kjerzykkl@nps.gov,FRtMr7YPt,Female,1967-06-02
Dunbavin,Cheston,cdunbavinkm@sciencedaily.com,x8G1QSy22X,Male,1962-10-25
Ciccetti,Ninetta,nciccettikn@house.gov,ZhNCRIcPpg,Female,1964-08-17
Molineux,Marysa,mmolineuxko@google.de,DWVLkclMXO,Female,1972-07-17
Vonasek,Alexandra,avonasekkp@chronoengine.com,B4fcIs2,Female,1981-12-05
Doorly,Crissy,cdoorlykq@engadget.com,t5qhGrxMlr0,Female,1987-09-25
Emlyn,Jeanette,jemlynkr@xing.com,7YS83jGv,Female,1967-06-14
Legendre,Jethro,jlegendreks@mit.edu,D3c9OY5F,Male,1962-11-08
Heephy,Gerard,gheephykt@ft.com,3u7uKkOq,Male,1987-10-06
Martell,Sybille,smartellku@reference.com,1W1EqSHEZp,Female,1965-02-22
Seabridge,Adler,aseabridgekv@a8.net,0TmpbJNr,Male,1964-09-30
Suermeiers,Toma,tsuermeierskw@ebay.com,ySDs5g,Female,1960-09-07
O'Currigan,Cornelia,cocurrigankx@army.mil,0nBfU1,Female,1970-07-07
Bygrove,Tremayne,tbygroveky@naver.com,nPhlQDqM3AF,Male,1979-06-16
Hurler,Leesa,lhurlerkz@about.me,HcHYJIQ,Female,1962-11-14
Capron,Walton,wcapronl0@harvard.edu,l5VDNF2e,Male,1986-02-06
Waterworth,Krispin,kwaterworthl1@house.gov,gkrksh,Male,1964-03-19
Giacomazzo,Georgina,ggiacomazzol2@purevolume.com,ThcZBHX,Female,1963-07-01
Kupka,Florence,fkupkal3@topsy.com,8snRHuPP,Female,1965-09-15
McMichael,Noell,nmcmichaell4@businessweek.com,PLqtRMJo09ys,Female,1960-06-28
Graffin,Cointon,cgraffinl5@elpais.com,eCwbqMe20c,Male,1988-01-23
Athelstan,Faber,fathelstanl6@wufoo.com,PKNrbe,Male,1960-10-01
Foxall,Cicily,cfoxalll7@npr.org,BdJxukp2,Female,1965-04-01
Bonnar,Preston,pbonnarl8@ucoz.ru,GpB91N0,Male,1973-09-06
Longhurst,Damaris,dlonghurstl9@cpanel.net,m5LBDwcCbQg,Female,1982-08-18
Meakes,Zelig,zmeakesla@hc360.com,sTuPaLeCHc7,Male,1961-01-29
Ellgood,Kristian,kellgoodlb@creativecommons.org,pOhNpS3,Male,1974-11-29
Megson,Fannie,fmegsonlc@freewebs.com,B1tHggG,Female,1986-07-13
Lorkings,Fairlie,florkingsld@reference.com,tTIuxkfcT,Male,1976-10-28
Borgne,Budd,bborgnele@booking.com,1UYRDFJu,Male,1961-01-30
Icom,Cathie,cicomlf@google.com.hk,K7rviKWih3S,Female,1979-08-02
Keme,Kit,kkemelg@wordpress.org,Gv4XoHC1Ec,Male,1975-06-04
Albasiny,Ranique,ralbasinylh@chronoengine.com,91ZsSwN,Female,1965-03-05
De Andisie,Lucretia,ldeandisieli@reverbnation.com,LBqgWFp,Female,1980-02-14
Bautiste,Gallard,gbautistelj@mac.com,j8uP77,Male,1985-04-17
Mansbridge,Alan,amansbridgelk@xrea.com,XLBVS4qtv,Male,1973-07-31
Prickett,Jerry,jprickettll@istockphoto.com,hpaHoK,Male,1974-08-18
Muddimer,Joey,jmuddimerlm@cbslocal.com,a7sQ5ExW,Male,1965-02-13
Woollaston,Nessy,nwoollastonln@hao123.com,XhxPxN1n74yt,Female,1962-02-11
Reeders,Charlotta,creederslo@sciencedirect.com,KAqmToihu,Female,1962-09-19
Deathridge,Guy,gdeathridgelp@forbes.com,ZkXUJNgVuoV,Male,1981-05-21
Kyne,Wyn,wkynelq@chron.com,OaLKJX22R,Male,1975-09-09
Fawdrie,Janet,jfawdrielr@lycos.com,1X46faPV,Female,1967-07-09
Netherwood,Carena,cnetherwoodls@irs.gov,4gncCqvWB7A,Female,1973-02-02
Claisse,Melodie,mclaisselt@dion.ne.jp,iWdgflqmRbd,Female,1961-10-27
Stanluck,Tuesday,tstanlucklu@sciencedirect.com,TFh1fvg,Female,1964-12-16
Woodbridge,Lewiss,lwoodbridgelv@house.gov,dg0JUH,Male,1987-02-07
Scamadin,Daven,dscamadinlw@seesaa.net,yGjt7lA1lkjJ,Male,1984-02-15
Breslau,Barrie,bbreslaulx@usa.gov,EuIpbF,Male,1960-03-16
Verman,Gweneth,gvermanly@google.fr,FoFryQQV27,Female,1986-12-14
Portch,Joana,jportchlz@thetimes.co.uk,bNhweBm,Female,1983-10-10
McCuish,Humfrid,hmccuishm0@sitemeter.com,hwihDxx6De,Male,1974-10-14
Shafto,Bartholemy,bshaftom1@lulu.com,q2RpxtdHzcC,Male,1976-03-29
Gehricke,Celie,cgehrickem2@mapquest.com,2GUEKGRKZDMl,Female,1974-10-26
Casseldine,Rickard,rcasseldinem3@craigslist.org,U5cMvFAhc9,Male,1982-04-29
Marklin,Levin,lmarklinm4@is.gd,vMNqrdry0t,Male,1983-10-20
Fitzharris,Cirillo,cfitzharrism5@accuweather.com,VPOqroJdPTZv,Male,1984-06-12
Noseworthy,Christy,cnoseworthym6@macromedia.com,Wr3UFD1,Male,1968-10-22
Sonier,Maddy,msonierm7@artisteer.com,j5Q0AKewmy,Male,1972-10-30
Lindelof,Bobbee,blindelofm8@home.pl,M3vDANVrsCRq,Female,1989-10-09
Sayse,Felix,fsaysem9@marriott.com,2v6optFHXJ7O,Male,1964-09-15
Filkin,Zuzana,zfilkinma@4shared.com,6PtsvDt3bJzD,Female,1980-10-31
Danilin,Jerri,jdanilinmb@admin.ch,6zkVyhjKK5C,Male,1981-06-17
Feifer,Dyane,dfeifermc@chicagotribune.com,cFbCP2u,Female,1971-03-21
Polet,Jannel,jpoletmd@redcross.org,TFe5dcP,Female,1969-08-12
Nacey,Paxon,pnaceyme@storify.com,7apZcF,Male,1970-10-31
Sylvester,Daile,dsylvestermf@webmd.com,X106IhPWkL,Female,1980-09-05
Hiskey,Kameko,khiskeymg@cnn.com,TgsLG8Mtr,Female,1960-06-27
Roussel,Pietrek,prousselmh@de.vu,FOSq62JjzM,Male,1965-03-19
Arnefield,Perry,parnefieldmi@msu.edu,9umQBsYA,Male,1980-02-14
Ewen,Culver,cewenmj@apple.com,7peqBCm01pc,Male,1982-01-22
Krysiak,Cherlyn,ckrysiakmk@reverbnation.com,ivl3IWWC8irt,Female,1988-07-23
Lukes,Isidro,ilukesml@bing.com,mAgLIIbXWG,Male,1977-11-11
Crohan,Aggi,acrohanmm@biblegateway.com,GqfnW3TeE9s,Female,1981-12-20
Saffen,Chelsie,csaffenmn@weather.com,MuiCl9Jk,Female,1985-04-16
Akker,Tracy,takkermo@google.it,FzwBWa2fb,Female,1960-09-18
Gosforth,Ruperta,rgosforthmp@com.com,bEVkWJD,Female,1966-05-31
Jeckell,Egbert,ejeckellmq@usnews.com,VKeByjx,Male,1962-03-28
Lanston,Trent,tlanstonmr@weebly.com,HJAkUXI,Male,1963-01-02
Eldrett,Wolfy,weldrettms@sakura.ne.jp,jrk9zt3JaMs,Male,1963-03-23
Attac,Uri,uattacmt@census.gov,7jxexKDWa,Male,1971-09-01
Joselevitch,Federico,fjoselevitchmu@studiopress.com,radm7nD,Male,1966-12-02
Lowthorpe,Annadiana,alowthorpemv@bluehost.com,F2h4V3YA,Female,1964-08-16
Beckensall,Debra,dbeckensallmw@nps.gov,lDD6kjQR9K7i,Female,1961-06-23
Gooden,Nicolis,ngoodenmx@dell.com,AlgOzWczsJ,Male,1960-02-07
Rimell,Aindrea,arimellmy@blogger.com,Z7COYPnGXQdL,Female,1989-09-19
Blodget,Alwin,ablodgetmz@ycombinator.com,yXSBRoJjAXuE,Male,1983-11-12
Blazeby,Dasya,dblazebyn0@washingtonpost.com,hxJgaNz9Al5d,Female,1978-12-02
Peck,Mitchell,mpeckn1@princeton.edu,WCfyb9nm5X7A,Male,1980-10-09
Demelt,Renelle,rdemeltn2@pinterest.com,g8baqH5NEy90,Female,1975-05-16
Egleton,Lovell,legletonn3@nbcnews.com,Ri811KPdeiWg,Male,1987-06-18
Mateu,Randie,rmateun4@techcrunch.com,leuO3JHl2e,Male,1986-10-08
Yourell,Fleurette,fyourelln5@nydailynews.com,NcSJos67QQ7h,Female,1968-07-12
Crosser,Allan,acrossern6@skyrock.com,TBhOk5zN,Male,1971-05-23
Dallas,Nataline,ndallasn7@youtube.com,yKVTobN,Female,1967-01-22
Miroy,Emory,emiroyn8@princeton.edu,WUbSGqS,Male,1970-11-07
Moreland,Shara,smorelandn9@virginia.edu,eXn3o02Mf,Female,1970-01-01
Tregensoe,Dudley,dtregensoena@furl.net,t7evyTQr8l07,Male,1988-05-14
Abisetti,Alanna,aabisettinb@google.es,eoyoQnaGo,Female,1978-05-06
Ffrench,Adore,affrenchnc@tinypic.com,r7SUyHQYd,Female,1973-03-07
Yanez,Henrieta,hyaneznd@dailymail.co.uk,n8eW2Yl7k,Female,1989-09-26
Torrejon,Artus,atorrejonne@mac.com,oGu7jiLkY3Se,Male,1979-03-12
Dwire,Claudie,cdwirenf@marriott.com,A9SlJh,Female,1964-07-19
Kingsland,Carey,ckingslandng@cpanel.net,BZGm0oy,Male,1970-02-25
Behninck,Claudianus,cbehnincknh@abc.net.au,XDWpbLpv,Male,1961-03-25
Gawthorp,Freeland,fgawthorpni@boston.com,dAXqt8KfJT,Male,1977-02-14
Kermott,Hanny,hkermottnj@oaic.gov.au,2XuqXj,Female,1980-07-20
Philipeau,Brad,bphilipeaunk@mozilla.org,N1s1M1V,Male,1987-01-30
Feitosa,Cam,cfeitosanl@edublogs.org,G9z54ojG,Female,1961-03-15
Stook,Tim,tstooknm@sphinn.com,thmVCW,Female,1980-09-15
Kinnen,Arney,akinnennn@drupal.org,CPfaYrLSv,Male,1986-04-21
O Sullivan,Milton,mosullivanno@marketwatch.com,KWZWqef,Male,1960-11-02
Elintune,Nichole,nelintunenp@ucsd.edu,IUZx9Kdfk,Male,1962-05-11
Theodore,Teddy,ttheodorenq@apache.org,5nFh0BFnRHlJ,Male,1982-11-04
Webby,Myra,mwebbynr@altervista.org,nKm8n9P4bmvf,Female,1987-09-30
Songust,Slade,ssongustns@so-net.ne.jp,JcO5LhIiwnAS,Male,1973-05-14
Retter,Cherise,cretternt@blogtalkradio.com,C2VfDzANm,Female,1986-07-28
Eayrs,Nels,neayrsnu@indiegogo.com,XRFmIBG6,Male,1983-12-17
Goatman,Chaunce,cgoatmannv@godaddy.com,wXNDzvgNVR5z,Male,1960-01-08
Marvel,Mahalia,mmarvelnw@linkedin.com,nMQTpch2yRa,Female,1962-10-03
Glasspoole,Kain,kglasspoolenx@japanpost.jp,21CneWNWna7,Male,1985-05-08
Irce,Mireille,mirceny@techcrunch.com,xmKNlK,Female,1972-06-10
Brogan,Gayel,gbrogannz@baidu.com,8zTRql6WuMq,Female,1973-07-22
Cogar,Jenine,jcogaro0@flavors.me,YVVNn5,Female,1975-10-14
Collie,Trever,tcollieo1@indiatimes.com,i2UiXzndyJ,Male,1986-09-07
Lownie,Sharona,slownieo2@ucoz.ru,mtqlQxe,Female,1983-02-27
O' Timony,Genni,gotimonyo3@columbia.edu,HKnZT6a3N,Female,1980-08-05
Cowl,Edmon,ecowlo4@newsvine.com,uoK0pD8N,Male,1967-09-24
Koschek,Cale,ckoscheko5@youtu.be,Gl9IeASl,Male,1960-06-23
Evitt,Dewey,devitto6@bluehost.com,UzbInGFXLH,Male,1983-03-12
Gillet,Claude,cgilleto7@weather.com,iwsQxJjS,Female,1960-09-27
Larmouth,Lukas,llarmoutho8@mozilla.com,lmg752T4o,Male,1962-03-08
Hubber,Avictor,ahubbero9@studiopress.com,G5fmItkyUcb6,Male,1987-06-13
Franca,Rodrigo,rfrancaoa@yellowpages.com,G34RMtuobF,Male,1985-04-21
Lovelace,Jamima,jlovelaceob@parallels.com,2dl10Yp8PUO3,Female,1972-09-16
Felmingham,Kane,kfelminghamoc@pcworld.com,WI4BHXBavw3C,Male,1987-12-16
Helleckas,Chad,chelleckasod@mediafire.com,8pdosm,Female,1964-08-27
Leuchars,Doll,dleucharsoe@ycombinator.com,tYbwgZnu,Female,1969-12-03
Robez,Marena,mrobezof@g.co,AsSMKiXm,Female,1960-12-03
Schultze,Gherardo,gschultzeog@forbes.com,yywwPd5gan,Male,1984-01-27
Rodmell,Stefan,srodmelloh@disqus.com,O4qTIDZ5d6z,Male,1964-11-03
Pottell,Joete,jpottelloi@rediff.com,4dB2t5Jlb,Female,1966-01-02
Culverhouse,Gae,gculverhouseoj@so-net.ne.jp,4C2ICEKHI6,Female,1980-02-27
Heggie,Cyrillus,cheggieok@sourceforge.net,uWieI78FfYeK,Male,1975-02-17
Sales,Tristan,tsalesol@woothemes.com,85H8lPg,Male,1965-07-01
Mewett,Dawna,dmewettom@instagram.com,TbYyvOds991,Female,1960-01-16
Blakeston,Neddie,nblakestonon@yandex.ru,LTwEmM40eplR,Male,1966-05-07
Burkwood,Augy,aburkwoodoo@tripadvisor.com,rZEQt4v,Male,1980-06-10
Peyes,Arin,apeyesop@nbcnews.com,BsUXzcl,Male,1974-10-09
Mahaddy,Sheffield,smahaddyoq@sitemeter.com,WpNT76K6,Male,1965-08-10
Vasilic,Cointon,cvasilicor@w3.org,DZLBrkNgdvF6,Male,1982-08-13
Dane,Rubina,rdaneos@joomla.org,wNFO6bKT5pGs,Female,1976-03-17
Jarman,Eric,ejarmanot@people.com.cn,G1xzeD3IvJ62,Male,1970-07-18
Doughtery,Murielle,mdoughteryou@squarespace.com,pl9m1jjRlEt,Female,1987-03-05
Castillon,Abelard,acastillonov@wired.com,bGaRTwf4vAEn,Male,1971-10-31
Hakeworth,Aleen,ahakeworthow@tinypic.com,4znuWP9Vn,Female,1980-07-23
Cossentine,Natalina,ncossentineox@apple.com,8slLPahGyPGW,Female,1986-04-28
Cratchley,Robyn,rcratchleyoy@geocities.jp,DQ4ll5D1zg,Female,1986-09-04
Feron,Quintin,qferonoz@ovh.net,HSZaqDiL0liA,Male,1984-03-31
Pitceathly,Percival,ppitceathlyp0@blogtalkradio.com,i8hhMUWrDT,Male,1981-03-15
Dudney,Wyndham,wdudneyp1@businessweek.com,giJHRZ3,Male,1965-02-24
Barrand,Christoffer,cbarrandp2@salon.com,Yn2vAnnpMX,Male,1982-06-14
Jaquest,Adriane,ajaquestp3@artisteer.com,JmKa5iwO,Female,1964-11-08
Pampling,Borg,bpamplingp4@state.gov,1CT5KUAfFEIo,Male,1961-07-07
Oultram,Jodee,joultramp5@hostgator.com,q0BRtkFPa1,Female,1966-05-22
Greenshields,Laughton,lgreenshieldsp6@sourceforge.net,gsbMTeguSgk,Male,1980-11-18
Calendar,Taber,tcalendarp7@jugem.jp,AgXuIgaGF4,Male,1989-11-21
Flaxon,Jacinta,jflaxonp8@yahoo.com,PVovuNWh,Female,1978-10-27
Frankom,Talia,tfrankomp9@sakura.ne.jp,mFJSE7cjKY,Female,1984-05-23
Dell'Abbate,Lisabeth,ldellabbatepa@nydailynews.com,naV2HZ,Female,1987-11-03
Caddan,De,dcaddanpb@t-online.de,6l8iPwR,Female,1977-11-06
Povele,Zebedee,zpovelepc@tumblr.com,F33Ye2a8Anxa,Male,1967-11-17
Caslake,Blondelle,bcaslakepd@spotify.com,Djr7xTPNR5x,Female,1966-07-18
Grisewood,Oona,ogrisewoodpe@home.pl,r1GdczJIK,Female,1961-03-08
Guile,Elmore,eguilepf@google.pl,U7qsgYs3qjaA,Male,1976-10-30
Gianilli,Josh,jgianillipg@squarespace.com,Y8Esi1S,Male,1962-11-20
Langabeer,Alasdair,alangabeerph@posterous.com,xDmaKmtbpn,Male,1978-12-06
Howgate,Harv,hhowgatepi@discovery.com,9GPdFsnLIk9,Male,1984-05-02
Gregorace,Kesley,kgregoracepj@biglobe.ne.jp,TnloWBk,Female,1982-11-29
Huguenet,Orv,ohuguenetpk@weebly.com,1kRCJOj,Male,1973-12-14
Gillings,Mireielle,mgillingspl@unc.edu,J7aoB8O6lIaZ,Female,1966-01-19
Wims,Beale,bwimspm@unc.edu,E0VmqBr,Male,1983-01-25
Zanotti,Carolus,czanottipn@umn.edu,bCPOPPRpVpz2,Male,1987-08-02
Kelway,Dorey,dkelwaypo@biglobe.ne.jp,Ss4LQMXl,Female,1982-07-23
Ferreiro,Virgina,vferreiropp@symantec.com,8wKrpru9MS,Female,1983-11-28
Proughten,Winni,wproughtenpq@npr.org,9vSCKH4s,Female,1960-12-13
Dumper,Wald,wdumperpr@goodreads.com,HxOrBAnN184U,Male,1978-07-10
Creswell,Dermot,dcreswellps@slate.com,96LJle9q,Male,1960-09-24
Pescud,Selma,spescudpt@wordpress.com,uxEym3N1,Female,1987-02-26
Llewelyn,Raina,rllewelynpu@eepurl.com,VG5ler,Female,1981-10-23
Robjant,Robinette,rrobjantpv@whitehouse.gov,DapZdUSZfQ,Female,1978-07-08
Seaward,Edna,eseawardpw@uol.com.br,sPynyAorYF4h,Female,1963-07-28
Bellefant,Winslow,wbellefantpx@timesonline.co.uk,oCMPW8Y,Male,1966-11-17
Skate,Jessalyn,jskatepy@ucla.edu,MAnSgJE5aE0,Female,1989-01-20
Caplin,Carilyn,ccaplinpz@java.com,i465RVAZD1OR,Female,1978-08-12
Brotherhood,Halley,hbrotherhoodq0@istockphoto.com,2LoOoo,Female,1985-01-06
Mordey,Arleta,amordeyq1@abc.net.au,PnqXiy,Female,1979-08-13
Mougin,Bordie,bmouginq2@studiopress.com,Vfm4q2WVKmsg,Male,1986-04-01
Kinman,Dedie,dkinmanq3@disqus.com,nc9phHxjjNTG,Female,1982-06-12
Volage,Darya,dvolageq4@fda.gov,1JHO6emxE,Female,1962-09-03
Pettus,Thatcher,tpettusq5@techcrunch.com,GVf4anREt2dg,Male,1968-07-26
Abrahamson,Nadine,nabrahamsonq6@exblog.jp,oogYBDx,Female,1975-04-30
Simonett,Blake,bsimonettq7@dyndns.org,wkDyT0bv,Female,1984-03-29
Stairmand,Karolina,kstairmandq8@omniture.com,Qbs1YBKtC,Female,1982-02-28
Phillput,Nestor,nphillputq9@ifeng.com,xU3tcNCATq3,Male,1973-05-27
Glancy,Bobina,bglancyqa@npr.org,9J70tVQPvG,Female,1970-11-18
Ruos,Orelle,oruosqb@forbes.com,jWg5tPB2Cqo,Female,1988-01-09
Cran,Raymond,rcranqc@issuu.com,oPCGLIVH,Male,1975-02-04
Torrans,Roxana,rtorransqd@bluehost.com,VrH3YwNEJ,Female,1970-03-24
Sillars,Crin,csillarsqe@reuters.com,Iu6Wlw1M,Female,1983-01-20
Shepherdson,Mordy,mshepherdsonqf@dagondesign.com,F5iVHR5yGv2,Male,1989-12-02
Bye,Dulcia,dbyeqg@e-recht24.de,mcKyVt4kNSdR,Female,1983-02-28
Pay,Gabi,gpayqh@edublogs.org,OFJ6hAgv,Male,1978-03-24
Kirvin,Hubey,hkirvinqi@apple.com,ahaFrWn,Male,1985-01-09
I'anson,Waylin,wiansonqj@wordpress.org,c7Fs38B,Male,1968-05-14
Dowdeswell,Marietta,mdowdeswellqk@sfgate.com,7rtWzzuK4,Female,1966-07-13
Weatherup,Max,mweatherupql@soup.io,0Sivan234v,Male,1966-10-06
Dmitriev,Melany,mdmitrievqm@ovh.net,xVfHYCA,Female,1978-08-17
Ellick,Holly,hellickqn@webmd.com,3etaklp,Male,1976-03-03
Leggott,Lloyd,lleggottqo@accuweather.com,IJOGqWoDpJl,Male,1963-05-26
Ham,Torrence,thamqp@furl.net,dqq44iyZqh6l,Male,1969-10-07
Blagbrough,Meghann,mblagbroughqq@1688.com,vEg1yFh,Female,1977-06-03
Cerie,Inga,icerieqr@europa.eu,PfO8bPJP,Female,1960-12-10
Gunter,Sissie,sgunterqs@alibaba.com,eZlo4097,Female,1989-10-14
Lampet,Sapphire,slampetqt@parallels.com,9XkTLrw,Female,1976-09-01
Gane,Celle,cganequ@usnews.com,Y5n4kJzbOWih,Female,1989-07-28
Finney,Dallas,dfinneyqv@globo.com,xntdoJi6t,Female,1973-10-10
Paullin,Stanleigh,spaullinqw@bigcartel.com,d5GojLE4L,Male,1972-02-28
Oaten,Haslett,hoatenqx@cdc.gov,qeJxNjmZ4,Male,1984-10-05
Lavington,Ettie,elavingtonqy@yahoo.com,qRHXoQ,Female,1962-11-02
Eat,Reggy,reatqz@washingtonpost.com,Sw3DVpD426C6,Male,1985-06-24
Sperry,Tarrah,tsperryr0@geocities.jp,tofeQWdBrciu,Female,1978-06-24
Preuvost,Fair,fpreuvostr1@walmart.com,bd6ds1y0,Male,1971-07-14
Wimpress,Red,rwimpressr2@state.tx.us,gB3wlx,Male,1981-07-23
McSaul,Booth,bmcsaulr3@php.net,kfPyrl,Male,1987-02-13
Llewellyn,Charita,cllewellynr4@bandcamp.com,kPkHxsvHxXJ2,Female,1981-01-01
Greene,Nicolas,ngreener5@de.vu,JOnzHlPb,Male,1986-02-26
Viste,Orsa,ovister6@a8.net,w4812sI529P,Female,1961-07-14
Ben-Aharon,Lyon,lbenaharonr7@buzzfeed.com,Klgarv,Male,1982-11-20
Byrde,Sancho,sbyrder8@irs.gov,GQ8mBRQHwd28,Male,1987-02-05
Besant,Alix,abesantr9@google.com.br,CckWcrzgaoso,Male,1963-09-11
McQuarrie,Barnebas,bmcquarriera@vk.com,8aLyCPRttOsy,Male,1977-06-28
Pearle,Hakeem,hpearlerb@51.la,NGU0mvoy,Male,1967-12-23
Morrell,Annis,amorrellrc@wp.com,NEFy4sziL,Female,1967-11-08
Domoni,Maureene,mdomonird@nba.com,wJHzVV31mE,Female,1986-08-17
Dmych,Curran,cdmychre@icio.us,xl11bmMTE,Male,1968-03-24
Dann,Philippine,pdannrf@walmart.com,YsPYG6T,Female,1967-07-12
Bruyntjes,Sileas,sbruyntjesrg@trellian.com,Ta6Xc3n,Female,1977-06-25
Gerling,Fenelia,fgerlingrh@pinterest.com,v5M8gbt1tnAR,Female,1962-04-08
Le Brom,Aleksandr,alebromri@mozilla.com,XVRNUbLk,Male,1988-03-12
Antonognoli,Tarrance,tantonognolirj@mayoclinic.com,egW0tlBK,Male,1971-07-24
Dillet,Willetta,wdilletrk@ed.gov,8dsls87CbM,Female,1986-04-03
Playden,Yehudit,yplaydenrl@multiply.com,0oZfSTaH41q,Male,1987-06-08
Sharvell,Leeland,lsharvellrm@yandex.ru,mfJUbf,Male,1987-06-19
Phette,Jannelle,jphettern@ameblo.jp,zfWDhDdEae,Female,1972-06-29
Pegden,Bradly,bpegdenro@latimes.com,yvyq0oAQAze,Male,1979-11-04
Van der Kruis,Emily,evanderkruisrp@woothemes.com,QPPJHnEx,Female,1977-05-12
Duckerin,Elisabetta,educkerinrq@cafepress.com,TbGc1CeJZCow,Female,1974-11-23
Cordall,Daisey,dcordallrr@china.com.cn,tEVQZOxyam6Q,Female,1974-08-12
